,Email,Address,Credit Card,Avg. Session Length,Time on App,Time on Website,Length of Membership,Yearly Amount Spent
0,adkv@ota.com,"89280 Mark Lane
New John, MN 16131",3544288738428794,35.49726772511229,13.655651149166752,40.57766801952616,4.582620632952961,588.9510539684005
1,gjun@syj.com,"363 Amanda Cliff Apt. 638
West Angela, KS 31437",6546228325389133,32.92627202636016,12.109460728682564,38.268958868297744,3.16403418213262,393.2049334443264
2,qjyr@pkk.com,"62008 Adam Lodge
Lake Pamela, NY 30677",4406395951712628314,34.000914755642675,12.330278057777512,38.11059744212085,4.604543202376424,488.54750486747207
3,jkiu@xsb.com,"950 Tami Island
Lake Aimeeview, MT 93614",30334036663133,35.30555662975554,14.717513665142508,37.72128267790313,3.620178782748092,582.8523440352178
4,stvb@niy.com,"08254 Kelly Squares
North Lauren, AR 78382",3582080469154498,34.33067252364639,13.795188551078114,38.53665330059473,4.946308318351435,600.4060920457634
5,arfj@hjz.com,"807 Heather Tunnel Apt. 651
Meganport, GA 21737",4679202632619304,34.87103787934198,13.026925339755058,35.47687762925054,5.993507201364199,638.102447915074
6,aebg@ush.com,"42954 Jason Gardens
North Brandonport, IL 37324",30273775116681,33.02159550138701,12.366348309710526,37.683776152869605,5.185017246570912,522.5721747578274
7,kpyd@hju.com,"USS Johnson
FPO AP 14464",30150607432629,33.739142938380326,13.35195897300293,38.373358858547554,4.9342734348999375,550.9041461052942
8,udhh@gyx.com,"7153 Rebecca Meadows
North Edwinland, MT 29715",38267967632820,34.98777289568564,14.386235275676434,38.534497341555735,3.7734335777477144,571.2004089636195
9,zevm@ibk.com,"66557 Morales Islands
East Bryce, IL 96161",4035292740217207,32.93654861844892,12.814128294972196,38.14516822352819,3.702806071553459,428.19938489532814
10,aqgm@cjq.com,"373 Bailey Causeway Suite 315
South Jenniferfurt, MS 00949",675989867469,34.99257277495374,14.338975447662111,38.22580613162114,2.982607770510596,493.6060127179966
11,hdsp@alb.com,"335 Donald Station Apt. 870
South Michaelview, MD 43978",2574209479667379,34.87936082480498,12.584782999535266,38.087926070983805,4.21320920294043,523.3374046069357
12,rxud@ohi.com,"77430 Danielle Trail
Anthonyton, WV 26058",630498419658,30.532428967057943,11.961298400154098,38.42021557502538,4.546423164299585,409.64035107262754
13,atfb@ccf.com,"29784 Heather Villages Apt. 690
South Matthew, IN 39776",4179485077919007005,34.19033404372265,13.959226091609382,37.14466670004192,4.4185418391589995,574.4158673313865
14,lokw@snb.com,"9749 Roberts Square
Port Vanessaton, AK 74711",501864912669,33.38797585315387,14.148725692056516,37.61995708279922,2.994543646659249,471.45273330095546
15,iwhe@wjy.com,"8872 Ward Mews
Danielletown, IL 40716",376311506397675,31.737720372628186,13.636606052000127,37.213763093698624,3.857846842326294,462.7807421962299
16,jhct@ade.com,"2558 Wilson Pass
East Jeremiahtown, MS 26053",6011321604307565,33.12538689728784,12.733861690857392,35.8940927514398,3.6361327164897803,458.84769594494855
17,jwfg@vls.com,"PSC 1659, Box 9330
APO AE 19246",4358414715321579,33.33889932306719,13.0131946940144,39.38513659413844,2.920806160901484,408.7045475495441
18,fxri@gsj.com,"1053 Welch Wells
Lake Valerie, NC 64687",4275813371188455,33.187812045932155,15.7153875441565,39.24411459434352,2.016575580831944,453.31567548003545
19,wykp@yhj.com,"17794 Jackson Avenue
Port Bruceland, CT 83134",371911173594531,33.61785606282345,14.989592555825254,38.19050380039796,4.564548550437977,606.061038804892
20,nasl@iof.com,"39559 Sarah Ville Suite 968
Smithport, OH 80377",4967095689531,33.91278511115979,12.365492025516156,38.60779252420698,5.099937357614995,535.7057438060227
21,awng@ggd.com,"1053 Elizabeth Light Suite 899
East Dustin, WV 89382",30165061082470,34.50308725671972,13.87798369625634,38.44102133556604,2.059151939957077,420.9387748391792
22,lyub@oda.com,"067 Campos Road
West Michael, AZ 65751",3539069927484179,32.5316044825729,14.378562784168986,39.73400628989712,2.7451477874052825,437.51560572936256
23,ecrb@mjs.com,"4638 Zachary Manors
Acostastad, IA 50851",6011305178688898,33.903250973372074,12.657575922065584,37.77260376125875,4.419302308553184,520.3409891307888
24,snyl@rdx.com,"2271 Smith Cliffs Apt. 424
Pittsside, FL 53566",5117558999698752,35.50755099852662,13.893669504071738,38.63575587790592,6.205153970601026,701.9170916173961
25,upyk@jkf.com,"Unit 1527 Box 5064
DPO AE 37676",3519450892130720,34.02933195350689,12.765812645482358,38.73852494557909,3.2217359920452187,424.17999168059777
26,kqyp@cyg.com,"178 Christensen Manor
Shafferside, KY 34647",580484291035,34.54123131310037,13.78389178427502,37.430649621049305,5.148199316428601,620.8956398616368
27,vmet@qmw.com,"10672 Melissa Land
Floresville, ID 76483",2706514250779074,33.33598963740772,14.007819424388568,38.85177916943607,3.496364526268539,487.83893476506273
28,goqm@uzf.com,"PSC 3805, Box 7120
APO AE 18728",4250050988535500,34.11020505771776,12.982044994015611,36.29308775436051,4.423488745527437,530.537665336851
29,fhao@ijr.com,"2980 John Road
North Yvonneberg, MN 73852",4769563405930678,34.10543794246846,12.965020002997898,38.27781174207212,5.242577519573315,555.7220838330761
30,ctxg@cfd.com,"9185 Keller Prairie Suite 426
North Brandyland, NE 29951",4876364370451,34.24190043446127,13.305417813429443,37.16364817104465,3.562368145311689,498.5866713004408
31,nuxe@wzs.com,"53837 Debra Ville Suite 210
Lake Pamelastad, KY 01100",36246748178016,34.46105629551836,11.869163814130363,36.62244242064545,3.971413452477678,448.6879065360586
32,jubr@csd.com,"05739 Joyce Dam
Coxberg, OH 72248",2257967199155587,33.175501237949376,14.387492105579694,36.69417498569782,4.843062915388998,589.7126055095755
33,gadp@kkg.com,"Unit 9943 Box 5364
DPO AP 56298",3536142962641483,33.72836000313375,14.1045072428758,39.878040506759845,3.3200972339734696,492.0732236795197
34,teqk@zcq.com,"Unit 3204 Box 5630
DPO AE 26189",676234270327,33.82030994541536,12.634893252550466,36.36862632536302,4.6245852967146535,508.4418323396167
35,xzhn@snh.com,"1936 Martin Pass Suite 270
Josephside, SC 16134",2289284210331979,34.61603789276768,12.936386499892285,39.76864099802668,4.149286157714702,522.8835731664784
36,cyhk@vkm.com,"503 Sutton Extension Apt. 415
East Michaeltown, NV 97203",4231093369723125,32.72165236050904,12.75502370305383,37.7657223578584,2.347370423339508,348.7769266318726
37,dptf@tyj.com,"Unit 9355 Box 1396
DPO AP 01490",6531231615198492,33.8653271748764,12.984417523634924,38.0443614002997,3.952388582630727,491.7386321439546
38,bpqc@uls.com,"5052 Bailey Grove
Sophiamouth, MT 90635",3510865821926329,33.74936818112046,10.954975969174418,38.38831486719822,5.150491269094463,479.1703340540876
39,tpmb@wfs.com,"Unit 5013 Box 9521
DPO AP 52774",4511174354991108,33.56723048027511,13.489013215743665,37.37147981406854,4.72243622534277,538.8461952695957
40,fnyd@odn.com,"11356 Cheryl Branch
Thomasville, MN 89252",30140335665483,33.07054622092545,12.733106220383402,38.53429101112127,5.171275460906252,533.7517875818365
41,aduq@mny.com,"225 Wells Prairie Apt. 910
Juliechester, VA 87754",4090807160447810,34.01954798572344,11.634561317920278,38.49669014561275,5.146119976606155,502.8744302842695
42,giay@hju.com,"44423 Andrea Village Apt. 873
Port Desireestad, ID 00802",346633056958268,34.79203907501622,13.507525374016035,38.14286198458455,4.714495086037866,592.1971781805905
43,lzjl@aas.com,"8840 Burch Street
North Angelicaport, WV 65861",3549263409901895,33.89398062181101,12.52987820576495,37.888086054199256,5.143258549800133,548.2443434159983
44,pljr@ahx.com,"0775 Timothy Field
South Dawn, AK 53733",4199679812039810,33.04448612744043,14.41493473585169,37.11243501077792,2.758686386946843,449.22982918655
45,jubp@hli.com,"22385 Jones Summit Suite 201
New Jennifer, WI 02498",38025887104530,35.555767994657494,13.170525424959395,40.13109673366661,4.163105491283854,550.860590464497
46,bzzo@gsl.com,"77984 Taylor Motorway Apt. 121
West Jessicaberg, DE 04493",3514285560723645,35.56455770619167,14.14655143290706,38.33544589432572,4.376875176923767,594.915002968289
47,fpbk@gwo.com,"041 Bell Coves
Stephensonville, SC 94158",4338727564337858,33.726784597863976,13.988510147185291,37.46200325853961,4.613226122724209,564.6728733601082
48,qfgr@pdk.com,"30707 Robert Heights Apt. 869
New Beverlychester, DC 97098",378172575357323,34.117218732994786,12.86412635894251,37.58272776540628,3.702531199210734,480.73194908594513
49,mikn@jhj.com,"7936 Davis Greens
Barrerafurt, MA 29897",3510637184472898,32.66104982274608,12.398064190096813,37.59445670006827,3.698399271684906,417.3583535799008
50,vypw@qsq.com,"60099 William Shoal Suite 839
Dennisberg, MN 47317",3570784877437569,34.25633546983111,14.85806246213124,38.78026468722867,6.47676812602,726.5848140556805
51,tvns@oks.com,"434 Paul Drive
Lake Adrianaton, TN 02383",4128667198845,34.90022441401576,11.956790967791653,38.266878259420906,3.452668957921736,443.667251738628
52,lecr@web.com,"7104 David Estate
East Shelley, ID 45530",3587956052024682,35.18777482695728,11.320116255059192,38.45340510152358,2.5948917061051766,385.6265715694054
53,gvnl@asi.com,"0800 White Islands
Alexandriaport, MI 82425",3539554791015191,34.76206923913139,10.98451439654646,36.93344930095986,4.35547168456418,452.4574468676027
54,oozb@qmz.com,"99001 Susan Union
Jamesport, AK 81091",30086659376431,35.390163664343326,13.64519514084352,39.46832110587932,3.374596910303952,523.40414125956
55,zwnm@upu.com,"31420 Ball Land
Lake Heidi, CA 54909",4142734197607,34.92529660119954,12.588655423353044,36.25224202243303,3.8920504890738385,484.6733080190456
56,xgfz@abq.com,"1338 Russell Highway
East Natasha, TN 23781",30598142355376,33.68822929602445,14.761532847115612,40.25293095040623,3.495761182613056,521.8987944502368
57,lwwu@pcg.com,"6435 Justin Burgs Apt. 078
Nguyenview, LA 61782",4801873505238678,35.3018702154015,11.56829468563276,37.17312563197192,3.815224753915403,454.16950235469744
58,mnvk@ypp.com,"514 Wilcox Springs
Karlaburgh, NV 12801",38433288320483,33.843930222655175,12.832286222863628,37.81401056250368,3.9719191365417483,497.650708068581
59,xbym@yvk.com,"1702 Jackson Roads Apt. 498
Marshallshire, NH 59706",340615520514575,34.75499472831927,13.06415663219932,38.271221692501925,4.470555628075349,548.3651405940458
60,hnee@cag.com,"338 Munoz Flats
Lake Nicholas, MO 37879",30388700313961,34.879784289702826,13.495591602384836,39.05260975257308,5.139320331857264,617.8515229667128
61,gjyb@tzz.com,"9983 Kenneth Track Suite 795
East Robert, TX 55372",6011066228701624,34.07653560709715,10.607314687519166,37.49399254673739,5.581210092491108,508.21256900067846
62,caeg@vae.com,"59970 Gonzales Views
Williamshaven, NC 09295",4421559352160,33.22729913636721,14.728627177429864,38.99702800956553,5.302630630523376,614.5993233689068
63,veuc@qki.com,"35122 Key Cliffs
North Jimmy, KY 09020",3501565472249366,33.789772618310714,12.670065919118978,38.4087484767376,3.914688422504897,484.15972078451705
64,uzjx@vrd.com,"377 Laura Flat
West Matthewport, NY 92204",375011506252455,33.77260992960089,14.276313008175377,37.60077705432864,3.962298847460372,541.2634004105403
65,nyun@bxl.com,"515 Griffin Gateway
North Tiffanyfurt, AK 62448",503822906866,35.374258045247466,16.126994288792467,38.15762409406526,5.877593583586978,766.5184619388372
66,flyh@niu.com,"8145 Ibarra Square Suite 535
South Sarahport, MI 53149",3532441403204958,34.0787172146689,13.695789749023144,36.358444307206696,4.501786345798084,554.6015346844503
67,kzta@xqo.com,"PSC 9853, Box 1491
APO AA 76250",36544638768080,33.80522040097184,12.835476087614284,37.375066106372905,3.9395905595500764,470.3108614953106
68,olrg@mal.com,"8886 Edwards Ways
Herrerachester, MA 78921",4242275897925754,33.43075793005128,12.306232344673576,38.68040322813719,3.2795207192736093,409.62018782983785
69,dllz@yez.com,"314 Antonio Keys Suite 331
Austinport, MS 98344",3569752028224155,33.179099972602344,12.187538910878676,41.005181638101895,4.052649767426518,452.575685159493
70,sjfy@qph.com,"Unit 9466 Box 1436
DPO AP 40332",4499398117135689,34.15417578832186,12.887494133971662,37.265000697022046,3.1022871120328714,445.96655165329264
71,ygpf@ppm.com,"3056 Grant Camp Apt. 643
Hunttown, CA 54804",4644432737535,35.33589583979252,13.2289347111239,37.1571911511149,5.194322274442824,596.8228366992037
72,slax@ecp.com,"525 Small Cape
Gregorymouth, GA 74459",30526884532357,33.38625185558597,11.674653472691904,39.00658317947767,3.9015223445155094,419.1500810968496
73,cfkl@udz.com,"337 Mccann Inlet
West Andrewmouth, NJ 16441",4815610089852144494,33.80869759268502,13.817113090284248,38.03153921676629,4.351578800358466,535.7771880994133
74,hxdx@sjf.com,"USNV Holt
FPO AE 41309",6596345244437717,34.87974496798125,14.5878060830337,39.260353442660126,3.75811288288828,579.2416050583773
75,xqzt@bsw.com,"37063 Joseph Fords
Nicholasborough, MN 97401",180081385626520,33.04983939045731,13.238057349986248,39.73086173541955,3.620568914816974,479.7193568742153
76,zhax@cik.com,"71578 Green Isle
West Mary, OR 38503",4386186827845,34.55520742143224,12.55182116621942,37.628834292811774,3.337943164069798,445.2859074976436
77,hyct@shz.com,"03510 Burns Camp Suite 613
Port Paulberg, WV 44429",4739604212269319,34.14207932732039,12.433379933334455,36.89243163440533,4.970282584120023,545.7798637193825
78,ehjp@tbk.com,"0355 Mora Radial Suite 557
Hernandezville, OH 21266",6011107737557030,33.59718265981362,11.889566863427978,39.21257083414733,4.942054329011166,489.7860610939056
79,frcf@nbl.com,"85164 Steven Plaza
Carterhaven, WV 63205",4494541754973061,34.167136876950536,12.928842093866267,37.91463331144087,3.664943995285113,476.759067788328
80,dilt@hrz.com,"Unit 5605 Box 3716
DPO AP 72980",180023361138559,32.51473785780198,13.595671305072534,40.6003764658614,4.251734552089051,490.8124879964614
81,qktb@tcp.com,"878 Bush Pine
South Courtneyhaven, KS 45665",180061337368249,35.59402114954151,11.947258584185183,36.88399438701215,3.659754443950926,463.8976361529081
82,pill@jfu.com,"5284 Jefferson Prairie
Barbarastad, NY 26566",2372152119749732,34.50136982210362,14.898081993497067,38.0589128165069,4.630562809236323,597.4301726172283
83,ldlb@wic.com,"2640 Joshua Island
East Nathanborough, GA 69473",4256037895372765044,33.40237101796123,11.875559548189257,38.78114255999947,2.4140899242311002,339.3198626415221
84,qgqs@tnq.com,"PSC 7266, Box 1006
APO AE 77997",4323557877547,35.65548567957987,11.33807269503854,37.15725594420065,4.896651901097083,534.5149352552407
85,zdgl@jex.com,"252 Jason Harbors
East Josehaven, CA 80552",4691240209851458,32.809300316679185,12.634668217942473,37.182539282355286,5.613319474870622,537.7718993628412
86,yhaf@sor.com,"USS Hall
FPO AP 47677",4799270982544955,34.877779300122526,13.517666287393077,38.15192066097144,3.169941624279581,488.3793060170291
87,mjaz@axj.com,"024 Rachel Pass
East Melissa, TX 62028",4139369895742653,35.447871436480774,11.607723870859086,37.81909551318471,3.8664637433729325,474.7289665129948
88,ebdv@zvb.com,"PSC 3999, Box 0568
APO AE 04298",2269395663446462,32.95630056052337,13.8288933950187,37.951616684246815,5.071213023779052,548.1259317471988
89,valq@wkt.com,"2573 Mariah Lodge
South Anna, IN 37824",4160006879744,33.6055836415705,13.068816079691766,37.1050004999139,4.417451119136939,506.1133435398579
90,ppyv@ybx.com,"09779 Emma Estate Suite 528
North Sara, SC 77471",3516103016010970,33.49144660312287,13.530357373542882,38.87521910003027,2.976139050596411,450.0703194428044
91,jivn@flz.com,"8857 Nelson Pines
Anthonyshire, UT 93734",213158747390374,34.616018552595435,14.516284296962846,37.77312349371806,4.625584363255396,612.0000251040717
92,oths@ufe.com,"3571 Shane Unions Suite 543
North Aliceland, MS 93181",4431134246501389,34.47160052695171,12.662263431208276,37.05024078202619,4.497255377622667,516.8288148548279
93,vfyd@vhc.com,"720 Ashley Rapid Suite 883
South Hannah, AL 97171",6548023039553076,34.71065305912268,14.664747875183542,38.72438615760942,1.8626740800013843,440.074766741645
94,ncuh@ewd.com,"Unit 8329 Box 9048
DPO AP 28575",213108763227992,33.19772379742183,12.83023109487895,37.63385670229112,4.693324635532072,515.088957746572
95,hvxo@ljk.com,"033 Charles Street
West Melaniestad, NJ 65743",4151113669953,33.46121244511541,14.291143045352882,39.633625651583536,4.371003400176416,544.340166256701
96,axbe@bxd.com,"Unit 9634 Box 2029
DPO AA 84306",3593253112179462,34.790387206952126,12.942340869536071,39.06341358683894,4.58180269478151,522.1429518103512
97,cmve@gkt.com,"1644 Carpenter Forges
Dianaberg, CO 74504",6566899819232909,35.18382052058911,14.349912944366531,38.827394227862136,4.752006105620936,615.7153338263417
98,blyx@bcq.com,"6858 Timothy Landing Suite 227
Weavertown, TN 65902",4938259104747044,33.288666909138946,13.020112091208748,40.074400211336965,4.411708668370663,508.39006178986654
99,yaki@iwm.com,"7517 Gonzalez Views Apt. 985
South Rachael, IL 29393",3512595270783966,34.82635200907213,13.084091730811034,36.89035795567322,3.521671821710012,496.2994425473086
100,elnv@ccv.com,"USNS Holmes
FPO AA 90070",4020246639953,33.49839307472945,14.410759184940549,36.9904889547585,3.684618661620886,519.0645579840107
101,pciv@lke.com,"PSC 4792, Box 3263
APO AP 63688",345666093300434,32.885406299911764,12.281931074103642,38.385317552778375,3.377224878259828,391.1032729724755
102,khgu@wvt.com,"40258 Wright Drive
North Susan, MN 69753",4708945982594429,33.425697279750864,12.448901535513796,38.58019042917731,3.0869679851624765,421.7376732446371
103,wimu@xjs.com,"1810 Jeffrey Crossing Apt. 209
Guzmanberg, DE 14450",4113604925989,34.43782956230187,13.595420346380532,37.26203180012439,3.4696402266327597,493.1050523891852
104,foxy@ekh.com,"133 Sean Fort
New Ericastad, IN 39840",4601420412364751024,32.3895854806644,11.994223919350974,39.07445241970454,3.9288599039280125,411.06961105998295
105,tdcz@bkk.com,"346 Greer Cliff Suite 195
Port Olivia, AL 56908",38515597903767,34.46869994900622,14.085505760060858,36.84582711383271,3.426940235492512,498.5136833293677
106,udfc@znt.com,"07215 Diana Valleys
South David, HI 59481",5438426728117886,33.291756100263015,13.190474287309026,37.15246208860067,4.281823039343296,495.55186108657256
107,kbbt@gyc.com,"57195 Deborah Mill
South Lisatown, NJ 92989",4014382581605423700,33.0637746203137,11.719149740628396,38.71250863884946,3.504742535925674,379.3309069068038
108,jchi@mzi.com,"Unit 5848 Box 3642
DPO AA 49475",4236894792150736,34.15569970295208,13.931550271647987,39.16643555663392,4.354473855602961,571.451725912857
109,upwk@mjp.com,"65801 Samantha Square Suite 713
West Chaseberg, AK 31315",3524773131926431,34.35687434475742,14.45212895943564,39.5030088492416,3.818822278930894,550.0082269346927
110,rscv@tvz.com,"618 Charles Locks
New Carol, MT 20978",30442013042971,32.85307480174657,13.149375491578276,38.32533422381935,3.861814624383144,460.285123462352
111,flme@gbs.com,"830 Candice Avenue Apt. 990
Bryanview, KS 97040",4513915253346,33.01230076824544,13.178331333996288,38.71598617762173,4.222561172893833,493.94505306595823
112,pfcs@qpa.com,"43716 Katherine Drives
Shannonland, CT 24357",6011936242158292,33.388451625505326,12.010482132400076,39.415041581538325,4.043547050182998,425.7626355099111
113,vhxs@fos.com,"3241 Green Walk
Dayshire, SC 36252",38020232410112,33.65318145878372,12.60253219348616,38.3096887708795,3.289461516374708,423.42677587650905
114,pkhk@vdz.com,"853 Williams Well
North Lauraland, KS 89317",2281227070615823,33.93133644189654,13.732211588456623,36.60082054911087,5.9859767341605234,643.1015787311585
115,yuip@nru.com,"0000 Matthew Vista Apt. 276
Thomasside, NH 67998",639063136209,34.235606500693855,12.223368888365105,38.69230086128235,3.09418972057778,414.3717831104521
116,tpos@amm.com,"90470 Ashley Street
Lake Tonya, WI 51872",4897024695027829,34.92579489547876,13.01102187657459,37.701052315547926,3.253424168758119,480.23109291159307
117,ijwg@qiq.com,"35039 Haley Stream Suite 119
North Kenneth, VT 06092",4283678655985987,34.05926409135838,12.725910097840954,36.9990993016087,5.504820577490747,594.0772413447512
118,zpdv@zwv.com,"19842 Villanueva Lakes Apt. 421
Sandersberg, WV 14101",348356230302827,33.401731827354666,13.089309572437347,39.3099078951232,4.373337568743252,507.5473070543516
119,dvfg@gzh.com,"249 Travis Viaduct Apt. 209
East Morgan, MS 65581",2231462122871139,34.88994100692418,14.068638584182434,38.54052035512257,4.29872531905254,572.3074948754644
120,lvkj@yvd.com,"1237 Harrington Junctions
West Jamieburgh, LA 60656",180013121678101,35.56938121869345,13.85499036656409,36.00748225744693,3.792797662575647,577.311177371677
121,qaqj@vxj.com,"PSC 2554, Box 3332
APO AP 51338",4521755102637391105,34.70160519868888,12.56402236806554,38.67321036564864,5.216104987209577,577.8025473995871
122,dsit@qdt.com,"512 Benjamin Locks Suite 772
Martinezfort, KY 76087",4105653851140,34.26833021768797,12.113329897404322,38.38794554263559,4.518726609737513,515.239520718957
123,imir@djy.com,"7872 Kristen Oval Apt. 815
Laurenland, WI 09414",4382207886852,32.35847719243701,13.809883473378118,37.5496679900966,4.137701279515837,496.17595044947535
124,zlan@nen.com,"PSC 5935, Box 8244
APO AP 91457",4678420458736780462,34.01479221522831,12.76117232548311,38.57016384471318,4.334169666632599,515.3365582674007
125,etty@gep.com,"8799 Sherry Harbor Apt. 489
Stonemouth, ND 46798",30311424756877,32.57613197132227,13.57989417361806,38.09326487011031,5.031986606666632,542.2265839893283
126,ngqm@pux.com,"58922 Andrew Springs
East Angieville, NM 08474",2545725721195667,33.657268594778124,12.957923064554109,37.63465232853774,4.606055151602658,517.8315566841785
127,hanc@szd.com,"3179 Watson Loaf
New Yvonne, ID 87691",502016659430,35.709323296131586,11.651793783474174,38.14600652898046,3.7182653850978555,469.4457372274064
128,rpfp@bey.com,"66049 Grimes Hollow
South Heather, OH 74910",6011875655003415,35.5366591798774,13.75207661096469,37.71413783923341,3.783663455404016,549.2803201983364
129,glit@kgy.com,"43786 Benjamin Valley
New Krystal, NY 18518",4955619765796,33.771715009701,12.540832436151057,38.526421027792445,3.424020724598205,432.6177337614297
130,uxvv@gsb.com,"27793 Christian Harbor
Jefferyhaven, NE 51899",2351533001831636,34.700400456822415,12.924394923280015,38.245032469967526,4.40525030898213,553.9403454501057
131,fgut@zvp.com,"Unit 5286 Box 0640
DPO AE 07904",4223206004289019,33.43977025334846,13.4241304114395,39.94882502753235,5.420318406118319,574.3062222574563
132,stds@dwt.com,"534 Krista Square Apt. 864
Mariomouth, TX 28578",4908353108481566549,35.31216699740784,12.810586764578169,38.41413357473937,2.973596120847858,453.627254995083
133,wwzz@vtk.com,"2050 Stephen Underpass Apt. 183
Gregoryview, AR 21640",6011215150226486,33.45517628513712,13.759168978762087,37.599112354294384,4.631276648377655,543.7115581025776
134,cona@vnu.com,"778 Brian Spur
Port Audreyland, AK 28612",3567937693957047,34.540976791782235,12.85189083494272,38.42454792226391,2.2677307075942403,408.8040306356823
135,inmz@lkh.com,"315 Charles Island Suite 888
West Lisaview, KS 27008",4235471612096869,34.358398281424215,13.70368792886871,37.10091445210865,3.22410820200549,483.3535703213531
136,bpyt@fkf.com,"417 Nichols Stravenue
West Caitlinberg, AR 69387",3539873286939008,33.686129256115166,13.215252424902488,37.59436168489157,4.397115859957253,530.2300901235094
137,lftw@pcl.com,"94371 Rodriguez Turnpike
North Richard, SC 48402",6536526281847537,35.558294609144475,12.28144500356714,37.4944064828881,2.991671541288354,434.0487690958266
138,glds@qtt.com,"354 Cynthia Cliffs Apt. 736
Brianton, WY 56359",5145738901053660,34.5477479443078,11.735362917985055,38.45837473122323,4.363425442205035,477.1914133494556
139,brja@kqo.com,"USNV Henson
FPO AP 78284",676220534504,32.95490385663484,11.963131776054832,38.327282689879496,4.078633900393988,440.997879939927
140,qzwd@rwe.com,"6127 Shelley Mountain Apt. 150
Port Michellechester, AL 14814",4690614193294134,32.06621816163759,12.735094549013704,37.59937399114725,4.458892264366097,449.9332932076743
141,yhdh@zvg.com,"7230 Larry Gateway Apt. 556
New Seanbury, NC 93351",3541075269234144,32.85125312860836,13.418961981005012,36.97765170714366,3.751741770306888,473.9922466667984
142,ucbc@pbe.com,"3612 Jason Passage Apt. 659
South Jonathanmouth, KS 14342",4637711074992,33.609282635640405,11.537307537840883,36.73055240228659,4.414384667246393,464.9235129903258
143,hfgc@qil.com,"764 Omar Spur
South Beth, KY 19190",30505101729624,33.11511906601424,12.919242397939174,40.29404346247573,1.9435150746515455,351.0582001638451
144,pmbs@imy.com,"94821 Michael Prairie Suite 990
South William, VT 01701",4959148173934900508,34.924624809512075,12.911415556879854,39.27470219571763,3.410037916541069,461.0612773912433
145,qjjd@ieu.com,"90918 Hughes Key
North Juanborough, VT 05037",4716463175049,34.477190403003306,13.48806700205303,37.51838358912681,3.8455709758422434,506.7711403229565
146,fxts@xnh.com,"611 Taylor Streets
Robertsonburgh, TX 10576",4197291811339662,33.116400120928155,13.380694979552985,38.23200330765404,3.5895277822700096,464.484995404266
147,gohp@ocw.com,"54128 Scott Plaza Apt. 456
East Kristystad, OK 28250",502042545728,33.25590120444978,11.480506832694497,38.33866962178549,5.014122441132637,480.73193764530447
148,fhzg@yun.com,"PSC 3243, Box 3367
APO AP 75990",502017355921,33.69239221858063,13.296517680733736,37.95155521050133,2.3258846690261428,425.18549428888633
149,ofhx@gcd.com,"23470 Veronica Inlet Apt. 304
North Micheal, PA 69160",3526951425998047,33.38473265900513,11.86160419912899,37.584437621758106,4.493656512525085,466.8893127108669
150,hoac@pbd.com,"71390 Ruth Estates
Benitezmouth, NC 60882",581520699579,35.3387293850918,11.716355140061571,39.3072040068692,3.152158304851241,427.7752159856604
151,fbcx@iot.com,"8640 Kathleen Ridges Apt. 913
Lake Pamela, PA 94420",502087977711,33.88710464561531,13.387184173554845,38.431159098326106,6.901228837806773,685.1634310159513
152,lrcs@wpv.com,"112 Keith Glens
New Daniel, NV 32932",4400897485010323,33.51021799444433,11.984835888186163,38.396497475332055,5.891275125020632,556.8925953881737
153,tznt@wzw.com,"272 Paul Prairie
Jarvisbury, AK 83121",4825366775400186517,32.945395748344524,13.965761479512215,37.96638889642577,6.576653638440144,658.019923937652
154,pvar@vja.com,"415 Amanda Cape Suite 340
Weissview, IA 46485",6531971475969900,37.13966248879052,13.050267234380506,37.95964319393419,4.364860739234278,596.8038188761142
155,lplp@cnv.com,"45651 Atkins Village Apt. 550
New Michellestad, DC 87558",5553546130858659,33.44952156114242,14.45772494051235,38.23880567308968,3.441410754428091,504.9783790525795
156,syht@qbj.com,"3832 Margaret Walk Apt. 532
East Carrieview, OH 42679",180045288181271,33.29464154956504,13.44304789043987,38.32784803784372,5.584861308602489,587.1558701804728
157,znon@iws.com,"873 Kaylee Garden
Port Deannaberg, FL 55850",346606224782950,35.60331111938746,13.207298491050794,34.91384724758464,7.422689335035807,745.2218671047146
158,dupr@kbs.com,"5534 Anderson Stream
Sarahchester, VT 44473",5336404135496659,34.5985203185533,12.586319529181234,40.09462702670515,4.10439856025695,513.8253581285203
159,pote@nek.com,"5215 Jacob Walk Apt. 005
New William, UT 28552",4822267092164,35.56868084571511,12.378087087773377,39.304471191707776,4.284932110130406,529.2238093680072
160,ovtb@xjl.com,"85009 David Stream
New Angel, MO 26342",6502897547754209,33.83810016055479,13.364341604455198,39.03910938707497,3.8091823280429797,469.9135013219844
161,uukw@xis.com,"USCGC Owen
FPO AP 55419",6588787856375224,34.50370517913956,13.399436075147092,36.01280603355904,1.468622115741769,358.59143941508603
162,vuvj@tsu.com,"034 Mary Valleys
New Tammyberg, NY 67022",4056646269041,34.30188161463884,13.54248105078634,39.31136489758187,4.268561962709896,537.4231045259343
163,uqpm@jfh.com,"43627 Joseph Well
Lake David, VT 41487",5367045849512836,31.879484344127498,14.280432242922112,37.93615937845674,4.085160635161344,491.2065999848546
164,njhb@tlk.com,"82154 Long Fields
East Kristin, CA 86905",4911728177625999,34.15425475700075,12.795886676889108,38.65861690944284,5.020353377496559,551.0475805761635
165,hngk@zos.com,"5487 Dawn Views
Floresshire, NM 50391",373986813092243,33.04780097886789,13.718039174525655,38.66110668399285,4.175848800018441,514.4505711860965
166,nzcm@wdr.com,"826 John Points Apt. 118
Rileyfurt, NM 99933",4241743765277473894,34.63080076787103,13.039647840787236,39.9240870506292,3.373007508505152,498.8119300055205
167,igyj@jwd.com,"714 Nicholas Mission
New Natalieland, VT 03259",345547311557734,35.04663802802127,13.474455453922836,36.037856159447585,4.555775961742958,579.9862585804898
168,bvuf@zwm.com,"8428 Amanda Spring Suite 676
Mossside, LA 66804",675927107879,34.644177000440536,14.160020040286032,37.4077474507818,3.515175298743708,507.5363931400864
169,mpyh@wzk.com,"854 Thomas Port Suite 034
Leblanchaven, TN 04363",4807365247978613859,33.65462160732388,12.052323653306688,38.63300941664362,5.217102512825834,502.74923330839226
170,iodg@tua.com,"46758 Crawford Locks
Fuenteschester, ID 02729",3547750673532473,34.42874704259606,11.636761083696548,38.57883524203316,3.426396448726688,422.96679418586734
171,jsqp@jaw.com,"88707 Julia Port Suite 784
Burkestad, IL 84705",4518397020780042,32.86483254809873,14.44340598514625,37.87831536782346,2.861086946869883,440.8912804768136
172,unal@ysj.com,"USNV Lawson
FPO AP 83849",180017317299507,35.48238804881123,14.28303286832567,36.90729842685246,5.468742673728142,667.125591725772
173,aowy@els.com,"8474 Wood Mountain
New Lisafort, OK 61786",2224882806564628,33.529768731474434,12.747731701242175,37.93988205032054,1.3015157200042076,299.76200786180766
174,erzg@eyp.com,"9427 Rose Rapid Apt. 450
West Aliciatown, ND 60754",4052046069798442784,34.432231396262715,11.859608533152713,39.83567008085342,4.169225611315444,466.1766233052969
175,trbu@thc.com,"USCGC Trujillo
FPO AE 45511",6011800987365670,34.30857161628053,12.691686125826353,38.480911976267066,2.2157771665531145,374.8857236969501
176,mgoc@zkd.com,"016 Evans Loaf
Smithshire, DE 84634",4887661609002141,33.33263706834172,12.548761439776756,39.57651554990162,5.273503047345896,533.7174856761748
177,rrsa@jgk.com,"9599 Stanley Cliff
New Andrea, GA 28119",676190512803,35.71345123397026,12.72400223179126,37.81385766052378,4.587837272921703,555.9007830202702
178,dsbu@jdc.com,"15046 Hernandez Mews Suite 513
West Diana, KY 69062",501805738280,33.635877998189926,13.178573080885846,36.6742560274292,4.631755039569861,538.7731625414566
179,knjo@eji.com,"9437 Sharon Stream
South Wendyland, ME 10999",4749555906186185,34.07570303157222,13.319845062066673,38.81915511227683,3.9427992020016864,502.100245232053
180,hoki@mfr.com,"777 Miller Mills Suite 887
Collinsbury, WA 54865",36804685609920,33.23014911593311,12.084360836740512,38.9596843202141,5.224027439824315,518.1651355939779
181,dqhb@vig.com,"5892 Choi Valleys Suite 724
North Jonathanland, NE 60107",6522142415591227,35.142863372870714,14.1777745337738,39.856041708111945,3.7309738432875563,558.5292736134538
182,orbt@ynh.com,"034 Christina Stream
Lake Timothyview, VA 54513",585629331588,33.4971984614607,13.832802836968115,38.67924462448078,3.472271382079821,494.719192978176
183,yxoy@hmo.com,"55883 Branch Isle Apt. 927
West Anthonytown, OK 25029",347959978839123,34.12239998431699,12.509047996817198,38.25305774145061,3.682329731786818,453.1226250857849
184,sckt@lco.com,"79866 Danielle Inlet
Port Tamiville, AR 83672",4886878756996,34.088529366211525,12.85766344472502,37.0869343253416,5.306349618785283,578.2734549822936
185,udwd@zez.com,"5287 Wang Route Suite 125
West Brian, AZ 95317",4403625652614750,33.53379686092211,13.293365838346627,38.06462119956545,4.1203649883552,486.9231305248517
186,hxgs@coz.com,"9817 Jennifer Loaf Apt. 629
Marcfort, KY 94428",6011794070855590,33.48426048276214,11.93325227854703,37.54550622682937,3.761324744787093,426.7450920310528
187,zkyw@xfm.com,"753 Vanessa Row
Mortonchester, MS 95387",4547529341209096,33.5434591695977,14.332839284456396,38.964390331775896,4.097459968849925,538.2150526997326
188,sjyx@krt.com,"87800 Sanchez Mountain Suite 828
Hurststad, NV 75770",4701508445367853,33.28312306113335,11.902556227019767,37.094241952849465,5.289201624179895,525.6379646141049
189,wumu@jja.com,"USCGC Rowe
FPO AE 60835",4363984636550285,33.200798643965314,13.276981712741968,39.23260622710401,3.8164647447029107,479.8853913201482
190,afmt@mbn.com,"8257 Michael Way
Christopherside, NH 36910",180088545791060,35.71331650656199,13.038808239866547,38.63529940965426,5.132460945972205,613.3852298963607
191,bpjz@khb.com,"929 Ruiz Glens Suite 551
Joelstad, WA 17687",3550993603879952,33.71251232693568,12.724473856834608,38.15315160406014,3.808443000674604,477.7667241547634
192,jwru@plv.com,"591 Preston Fort Suite 485
North Rachel, OR 62538",4790354102842249243,34.69489765096749,12.202669899735568,36.49396408005127,4.515986640445781,506.1196375282037
193,yqer@nei.com,"80265 English Station Apt. 530
Thomasville, AK 15970",4100584265664726,32.57020082932026,14.378063328893631,37.33780003116479,4.869366793790984,546.9454921414049
194,kpgi@xxu.com,"72725 Kemp Ville
South Johnmouth, AK 26621",30147610721824,34.45947684896434,12.38861261864104,38.90913871755985,3.06663984381683,435.0216997527185
195,pxhi@odx.com,"7086 James Station
Joneschester, VT 42356",3504183541580097,32.82099820167207,11.771074062599588,38.278639793707605,4.019032433953923,425.6752810132133
196,tlre@hba.com,"531 Jennifer Grove
Monroeview, RI 26395",4725697347641226,33.73322416398153,12.818571762285,38.1020313268591,2.003854421225295,353.5501081630003
197,oydq@ppr.com,"806 Alvarez Motorway
Wademouth, DE 44845",4499086727469066885,33.40714829999668,14.808798675105962,38.42676891745393,5.539955263662929,663.9610878058954
198,tked@mhe.com,"5826 Tracie Pines Suite 460
Janiceside, VT 75094",30133270823712,34.506092281309364,12.659832840871443,38.28139282998597,4.97871260846301,561.5601606242603
199,quth@nfw.com,"877 Jessica Wells
Kevinland, UT 68906",4998208181306,31.836432674773427,14.100109538542808,36.90772142967966,3.861612984538193,468.5019004269896
200,aucq@otl.com,"796 Cummings Plains
South Robertmouth, RI 68668",4463527081478085871,35.87849495417028,14.067895684999526,37.67822227440393,2.420715478175647,505.8704323933724
201,znyf@ndi.com,"080 Taylor Forest Suite 405
Nicholsville, MD 75435",630475247452,35.007211972221654,13.49432293326939,37.04545942048616,4.830714461860564,591.56271964715
202,jwxh@wjj.com,"66731 Margaret Center
Danastad, WA 55906",502060885667,32.52575241696822,12.340035931978807,38.03951365322458,4.311248170807232,444.9656268098819
203,cyyz@iza.com,"0461 Yu Place Apt. 122
Pricechester, CO 68019",4815260477512021389,32.047222139487516,12.199660962300452,39.68870909942437,3.5887639575315755,393.4973991890214
204,dana@onz.com,"9414 Donald Center
New Darlene, VT 54293",4130377766937061,35.59577669439264,12.332487778094174,36.45986279714474,5.041695256706066,569.7175759305223
205,nkbh@pjd.com,"37393 Ronnie Ville Suite 537
Lake Melissa, OH 86225",501852099164,35.96760988717724,14.919494396088172,38.952013186883086,5.566696864020983,713.3963268096636
206,bbsd@eml.com,"USNV Jefferson
FPO AP 19307",3527305857900774,33.29524762622046,12.03135834040919,39.252978273334655,3.6074686827074625,414.29599918102974
207,xswf@adg.com,"50259 Sally Corner Suite 104
New Patricia, AR 37489",6542628385345814,34.324240521849696,12.084584086421872,37.77601657686874,5.24698970293514,563.0820453929382
208,mpha@uml.com,"140 Alan Fall Suite 800
Williamston, VT 24098",6584037759770475,33.903454333014224,11.54264542398311,36.53386350026307,3.591826869545788,413.012931298847
209,bibi@opi.com,"43966 Jennifer Land Apt. 636
Port Sheri, OH 51139",4507783660841041,33.55949313011333,12.79779551488024,38.77736579677647,3.6956257763719886,469.6684655991273
210,uzqi@xtj.com,"2714 Santiago Tunnel Suite 846
East Rachaelmouth, SD 86209",4914477392011463,32.76561882104241,13.442616548294634,39.13171202563648,4.350279639096426,497.55408163560713
211,ctsl@yzb.com,"727 Carroll Causeway Suite 886
East Justinhaven, FL 34456",6011453405372488,35.08164619679617,13.104542428062686,37.05964597986499,4.474522480483529,549.5185292758069
212,ixmg@cmo.com,"692 Ball Ferry
Crystalhaven, AR 88519",3594335561730082,34.304431285296005,13.378490222808672,39.76429717446252,4.3438489214952885,537.1308968550214
213,qxck@xdm.com,"974 Cunningham Parkways Apt. 331
Taylorberg, PA 15873",3500674509206562,35.33075044367848,14.722453676229962,36.773116391246816,3.409008460485079,559.4272571753238
214,kvng@olw.com,"09175 Coleman Turnpike Suite 607
New Melissaburgh, NV 61862",343458189960277,33.07894757956938,13.725909323593957,37.54466409871873,1.6390935384245742,358.8637186383917
215,tkak@wis.com,"16079 Harrell Vista Suite 573
Lauriemouth, KS 42866",348034998782627,34.60579899891236,14.68511889962359,35.89198326749108,3.1852848361090778,530.0566631985306
216,qbgu@njj.com,"51276 Perez Cape
Rioston, NE 42478",377920561139357,33.74515048083576,11.012583366223025,39.35495987026449,3.608911449181274,388.35707273642186
217,ijwa@udp.com,"PSC 9729, Box 5605
APO AP 57455",4226771043778457543,33.12236479579778,12.435533874300315,37.22355746230224,5.352842407156433,529.9336185650203
218,nasa@ryu.com,"8315 Andrew Underpass
Port Denisechester, UT 78266",3562069298259689,33.53082944110282,13.354607081759855,38.12234520816764,2.80755242118396,421.91615953269286
219,amjl@onm.com,"762 Eduardo Meadows Apt. 664
East Andrealand, CT 38757",30038099733358,32.736635686050285,11.748533655415798,36.73870747121452,5.33552866742221,497.9334462555319
220,fxbe@ohm.com,"6764 Katrina Parkways Suite 313
Saraburgh, DE 68319",4131928036937,35.11756669418932,12.59187166512224,38.743619699549896,4.1785893989539975,520.372976801355
221,usvu@wun.com,"837 Patricia Estates Suite 478
Ebonystad, WV 51523",4264339662800369230,34.63662445812838,12.236506758754029,38.67502073290805,5.754708925941115,592.4377355684503
222,khej@hrf.com,"345 Mora Bridge Apt. 075
Lake Rhonda, MN 94071",4930256374656465,35.33486453305801,12.109456333168431,39.585854757332655,4.392891480211255,503.4097853029053
223,usaj@byk.com,"2212 Ruiz Harbor
Martinmouth, IL 67944",4848456597725128,35.814983943728855,13.114944955194904,37.28872395038688,4.889455226416517,605.3348400688554
224,otpk@xrs.com,"3133 Tammy Stream
Anthonychester, UT 51774",3555265096525094,35.642669758092204,12.866481205181705,38.71777057005867,4.503325039023281,556.068394054576
225,gaph@mqx.com,"02171 Sandoval Trail Suite 778
Lake Diane, SD 64049",4611038572269,33.83694076702139,11.25654903128796,37.14390845634163,1.2895199078816915,257.67058229005585
226,ejba@njq.com,"USCGC Macdonald
FPO AE 25020",3559253569549490,33.29964716350497,13.168596472860555,38.073616172195656,4.903369830866465,548.1109823629461
227,wvkr@szb.com,"651 Lauren Port
Wesleyland, PA 67873",4835692252914,32.94801742116136,14.085356892368791,38.60565280041329,3.148596770203317,462.92087689289787
228,djyb@dsw.com,"26022 Harold Summit Suite 643
Austinville, MD 73945",30456681918338,33.72731919612472,14.013375627349651,37.65127791701514,2.867848224385222,459.3769106506301
229,lvoi@qfo.com,"19992 Donna Road Suite 314
North Debra, MN 87336",4872877613941846,34.94624061993669,11.9839767277944,38.9514894585739,3.5507129732180167,437.2834981467513
230,klot@rss.com,"PSC 9608, Box 5331
APO AE 07626",4749567100210119385,33.35147815076609,14.105158522307253,36.57484166706179,4.141497161540088,533.9352188376637
231,gsdt@upp.com,"126 Adam Locks
Port Angelshire, KS 99692",2613987899299450,35.173752023676585,13.144748536704864,38.25803145871123,3.897363092819078,513.5525343564015
232,qope@ylb.com,"060 Evelyn Keys
Leeside, NM 29817",4583553920836540162,33.97518182625784,14.90991551102909,38.79223754313027,4.797686524285517,631.4227632299235
233,vhdq@rlr.com,"801 Guzman Bridge
North Trevorberg, MA 15351",4190821411141492885,33.00475302036483,12.395209434440888,38.33281445580523,4.303364999065175,464.74598112062944
234,kvxy@aaz.com,"0149 Jeffrey Row Apt. 100
Reedfort, NV 25829",676105591579,35.19705969450868,14.033566182687188,38.07679515601331,3.1334199887174443,494.18021624931
235,owod@huw.com,"3435 Aaron Islands
Johnnyside, RI 02801",4602233069012608,34.177204666060376,12.622777173031125,36.96889569049678,4.134093727357596,502.2091726816533
236,avyb@yra.com,"9412 Curtis Islands
Jessicabury, FL 56169",36688850334640,33.69323953887129,13.600750401563928,38.37011822360151,3.967014066009709,502.9282648732441
237,rdnd@kkz.com,"2229 Perez Plaza
Marvinshire, DE 22242",4843799996828596,32.62536013483061,14.187910985159364,38.06708996741924,1.9943108951995074,377.3369007569242
238,zumw@aki.com,"9097 Schneider Trace Apt. 391
South Andrew, AL 85391",4737199499482230875,32.26064686987952,14.266760352944496,37.97119509745716,2.767251114447051,422.3266312569514
239,ibzw@bzg.com,"7443 Gonzalez Well Apt. 367
South Kenneth, KY 97574",3524076898015830,32.72076990028731,12.752343171850052,39.57360522634684,5.523934200606659,539.774933478023
240,wskp@fwt.com,"0429 Joel Ports
Meadowsstad, OR 78041",630405937289,33.922610758349414,12.56811634209842,37.90937820695247,2.971750669720034,399.163468533652
241,clbi@imn.com,"7828 Morrison Manors Apt. 428
Patriciahaven, MI 35711",4725487443053157,33.68624509039022,13.63857212219212,37.097220934711,4.797737481971207,572.4710341154246
242,oekv@fyq.com,"37506 Foster Roads
South Michaelside, DE 33654",340746749843873,35.05094675856064,12.388644575171451,40.08156474568163,2.9369588757864635,452.6286105401996
243,mmar@wha.com,"21401 Anthony Spurs Suite 214
Lindaville, WV 24726",4306975236209291895,33.454552537551066,12.82298329832392,37.94612578169275,4.156983926688143,491.6004425003995
244,ihsx@cjz.com,"254 Tiffany Mills
Websterstad, WY 54154",30191233674705,32.28344747605816,13.725677367222987,36.96566746423624,5.500243360514445,592.7810894256675
245,dhwx@cfc.com,"10045 Lee Track Suite 134
Port Kaylaville, SC 86634",4778359952297475986,33.98002919845364,12.201159766003189,38.68933697894965,2.912830960970926,410.0704720533178
246,zyem@cil.com,"051 May Estates Suite 674
North Cassandrabury, SD 44864",2294596927767432,32.909626827522736,12.34726361146273,37.32365246819823,5.814354141170213,564.4460356732392
247,vpin@ydh.com,"PSC 0766, Box 2065
APO AE 55038",4825050505101782,35.40240964824356,15.220979108167343,38.52319665049046,4.5777750980104255,648.6194557251926
248,xvcu@jhz.com,"05658 Catherine Drives
Marshville, AZ 14323",4140107583576250341,33.95976431107423,12.546275759510358,37.947953692845566,3.7750706813095327,449.34042501104767
249,bybj@pvy.com,"578 Jeffrey Centers
Timothymouth, RI 29464",3592379327276529,34.780156763295054,12.91763618310149,37.84473381504451,4.134996006306897,519.7864830920807
250,yyvo@huq.com,"PSC 9211, Box 7335
APO AA 10726",30128383966051,33.6729435250038,13.276056984463208,38.19279353222784,4.482471513107057,524.6339351357243
251,tpch@ugu.com,"7360 Ellis Turnpike
South Christian, AL 32023",2262373455980318,33.72852076313786,11.131712461927217,35.84561239331277,3.787701824074408,394.8573709860865
252,rist@bhh.com,"361 Theresa Flat
Johnsonhaven, RI 35526",340361287899988,34.40992258786484,13.026942222615626,37.13389429009422,2.8133498845806395,427.154547713103
253,avcw@hal.com,"104 Myers Rest
North Kimberly, RI 07488",4146303114500178942,32.72420252384518,14.172287495263063,37.19975347391624,4.0578136981866955,504.3878872879605
254,sspj@bwg.com,"PSC 3668, Box 9628
APO AE 45201",213138510905913,33.711119299295326,13.326291385476884,37.67387835766538,3.850279287544909,483.6024673294826
255,pntw@mbp.com,"83645 Aguirre Drive Apt. 446
Jasonshire, ME 84420",2604753188490718,34.1366552476793,14.891313421778491,40.22071295098572,3.4070949348220267,525.7976275698039
256,psve@zzp.com,"3122 Brittany Ford Suite 501
West Kellyview, NJ 80325",4199612120898759,35.37939438496412,13.930928541308226,37.36024719793431,4.292711955151589,575.6548433659395
257,rjdt@wbm.com,"13206 Moses Tunnel Suite 338
Lake Jennifer, WA 65793",346636809870870,36.530904145898624,12.379257182400217,37.63610411908917,4.529453828152192,575.7472196620896
258,mnfo@fli.com,"96566 Flores Garden Apt. 905
Julieburgh, AZ 99010",38702883400365,34.24726795047748,15.069382336483995,39.99332245115573,5.478475793470261,661.4251842914138
259,kfwi@tpq.com,"902 Bush Turnpike
Scotthaven, RI 43035",4402642021478141793,33.096108993845185,11.804890557641668,38.37276214632111,3.1995620549722683,376.3984554102431
260,iygi@jhm.com,"Unit 7458 Box 8415
DPO AE 02167",6500382491249912,36.039283064909725,15.426491050422625,38.37418350489759,4.43061532661329,641.1877400085721
261,adkc@ver.com,"Unit 3306 Box 0249
DPO AA 84730",3596688979545825,33.55052657442161,14.041244588162265,37.655208083959465,3.956233823526301,515.0098178487356
262,xdhb@zvb.com,"3950 Ethan Highway
Dannyton, MT 11572",4928264238443348,33.58249357081853,12.739743796165987,37.85481082475086,2.6820169698233887,377.496840718537
263,bxhn@wdy.com,"956 Bell Square
Williamside, AR 71672",3512147841889789,34.29698192462649,13.49105873801881,39.238940853091385,3.2095266269292764,485.5198091105511
264,piva@pjc.com,"911 Sara Pass Apt. 171
Lake Rita, GA 14108",4286240666556260,34.108336148346,13.892374513653694,37.52738830431376,5.094116864603191,615.7296376283244
265,wkdx@rdh.com,"355 Chavez Lane
West Nancy, IL 17607",6011631087199358,34.902717794463925,12.668866514553862,38.34126616101072,4.75698328967803,568.4750105270774
266,eqwy@acw.com,"2259 Holmes Lights
Michellemouth, DE 12644",6590117395747608,35.55528258670921,12.777772039564963,38.97982686004657,4.284273087078304,555.003093429799
267,wxrd@zpd.com,"83683 Mitchell Road
New Hollyshire, ME 98112",3593092291313264,34.73264839262621,13.138793877121689,37.853882459920776,2.12341960945622,400.98387159812256
268,xxae@dmv.com,"Unit 8281 Box 7007
DPO AA 93450",341821075723541,32.600512200303285,13.222967446546058,37.8227532265912,3.9145062403052493,480.17285149109694
269,lmdw@bqf.com,"4061 Velez Neck
South Michelleshire, VT 92043",4761205467938517783,35.318927438542204,14.402331896928285,38.29204470528371,4.106086888908173,586.9318442972224
270,btoo@nrc.com,"Unit 8230 Box 2748
DPO AP 42063",4394667732851755,35.00648891839723,13.956276605432244,39.655094538522064,3.775733705185027,541.9957391083377
271,jrnq@clz.com,"2274 Ponce Estates Suite 901
Riceview, SD 58389",3589897862911627,34.54047906012372,13.884124621344766,37.22604169397467,5.507271986589903,629.0478039330167
272,krtt@yxe.com,"261 Cameron Fort
Gomezmouth, TX 65723",371585818687106,35.43642583784763,14.325469096138631,37.76860309148005,3.87125811322392,583.4919237338106
273,fzql@bsg.com,"841 Tony Neck Suite 327
Ramirezbury, AZ 51621",4448589417724980,34.55169913754013,13.15858523387948,37.57513377612486,5.953969474611709,641.7861663983061
274,bbir@hae.com,"276 Robert Stream
Hudsonville, ME 96499",6011524796716804,32.818616566769066,12.22654566351062,36.669935165958194,4.2558693892629655,447.4186733701357
275,kpdp@ien.com,"8563 Hill Skyway
Scottside, ID 82124",3597542634330496,33.36312129411639,13.461135435006732,38.74560774187829,5.164258497238649,571.6300980875259
276,daps@zjp.com,"1216 Leslie Forges
Joshuaville, MA 68336",2227210353403254,34.191570884444964,10.846124908736233,37.876313233417314,4.306670948562994,424.3083340974698
277,izny@wtq.com,"3452 William Circles Suite 500
Port Andreabury, IN 13620",2393288241970393,33.19249882778649,14.32541218598226,37.897294609068695,5.549927474652407,617.6602860166826
278,gnat@smm.com,"Unit 2820 Box 7179
DPO AP 15429",676378968892,33.60790271932764,14.677245841523792,38.74469969514907,3.371947536151015,531.3624688854229
279,rirx@tau.com,"930 Andres Harbor
Lynchshire, OH 47888",589465952259,33.26200310699493,12.644969546399302,38.02687697079434,3.7367328142505314,443.3631173838644
280,swms@gha.com,"030 Santos Spur
South Crystal, NY 37121",2636056943902312,33.27184828087499,14.485008988077055,38.55088041321525,3.586337272317325,512.9798599920658
281,tbpz@jxv.com,"34531 Brown Cape
Lake Jaime, IL 26661",370630641797572,34.79512493081247,12.620996507575208,39.4194685327455,5.059699083258959,561.4437921717631
282,zlmx@hce.com,"USS Mcintosh
FPO AP 03802",3594748542303706,32.65480967569276,14.014459152355208,38.78903634703419,3.5102097779609496,476.26342372754846
283,hbjq@nab.com,"09720 Powell Centers Suite 812
North James, IN 83261",4187195651362142,34.07773079450243,12.466984219092826,36.675727630820134,2.30922959177631,375.2696745439231
284,xwqo@eom.com,"7653 Kelli Center
Brendantown, CA 69475",3579276980156617,32.312349599444346,12.684904192367505,39.71707629773135,4.094295099901167,464.59141802794056
285,mntc@qrj.com,"43291 Green Avenue
West Jeremiah, SD 16030",213196693719998,33.87273861448019,13.09396635537946,37.62077385548951,3.549195743789432,472.602884392892
286,sarq@qah.com,"49511 Moore Alley Apt. 288
New Susan, AL 16065",4898927135334747,34.708153408093004,15.325654943309248,36.7218273299056,4.1343402240734415,627.018672655394
287,nnun@bbr.com,"421 Shields Parkway Apt. 273
North Kristin, ID 99825",4562765728923,34.908565031728365,13.914846634589116,40.06886445133981,1.9823596439649784,433.47206125141577
288,pjtb@xdn.com,"312 Susan Springs
East Christinemouth, SC 39225",3557064454817989,33.312909745943095,10.8244017703894,36.74277912557426,3.421350140816143,357.6155678900057
289,sbjy@zwk.com,"97121 James Terrace Apt. 244
South Stephanietown, ID 60397",3535657280340808,35.394326648449855,13.807751833234732,39.55103028983871,2.3100798764120296,468.4278485003528
290,ctdx@iql.com,"9389 Higgins Tunnel
Port Luis, NM 23603",4669830338000238723,33.42330472721988,14.05827792714326,38.26387556144864,3.873104673991114,504.2173931191067
291,bsdw@azd.com,"595 Nichole Springs
Lake Andrew, NE 13253",501820810924,34.539396346976595,11.534553499461076,38.03479128933126,2.7147975193939367,379.4735664479011
292,fjsh@ddr.com,"6732 Roberts Lights
West Williamburgh, WA 10919",30026382647880,34.37401692609311,12.143433077943628,36.94639914639545,5.954463277564527,585.2183134866808
293,sksi@fgx.com,"307 Jordan Summit
Paulport, HI 62661",348227730811817,34.79475594486519,11.982805534662877,35.81063145023747,3.701801722174991,452.7278633175868
294,nivw@vwn.com,"57238 Campbell Branch Apt. 219
Lake Louis, DC 74961",4832699257038,34.7709000976483,12.153966054877388,38.24032955207884,5.229484541572504,558.6341089957288
295,cich@zys.com,"8939 Mitchell Divide
South Robertside, VA 19402",6554845676118495,32.30919264089182,12.947175323941773,37.19083323650043,3.705529764506833,433.7207178399336
296,rkci@nqh.com,"10128 Jack Extensions Apt. 096
Brendaville, CA 35899",4650677153679816,34.612563354981084,12.47056500466582,38.0616887661275,4.302511438790271,507.4238599698002
297,tjyp@sdu.com,"100 Laura Extensions
New Rebeccaview, ND 10238",4996514580901849,34.39826012958678,12.03785041365591,39.61733445368848,4.616340467131812,511.1598172791045
298,nsss@xtf.com,"445 Fletcher Meadows Suite 498
South Veronicaside, NM 63731",4626838550923840,34.622591840455804,12.167356897497289,36.62658733096311,5.962500764129899,588.5747994806404
299,qatp@ptn.com,"71761 Johnson Fork Apt. 190
Oconnormouth, WV 32545",30547465089377,31.4925366965402,12.562936246652605,36.97656497174036,1.9816166268553612,283.4712457199145
300,fiyj@ggc.com,"PSC 6938, Box 4981
APO AE 16681",4791842717597,32.904857131013614,13.22772827968665,37.98591347608606,4.271420131891555,474.94985742281614
301,kbfd@hjk.com,"62592 Powell Stravenue
New Amanda, AK 30957",4261539737357,34.0264203526517,14.18681287300118,39.06692960186935,3.398299577888636,490.90805309753534
302,khgc@jni.com,"1839 Patrick Cliff
Lake Laura, NC 70090",4122164522789,33.975192902963855,14.394451788942057,38.80697766984659,4.069046515858519,542.9722037582585
303,cmrm@fzh.com,"835 Jack Manor Suite 741
Higginstown, NE 83946",372608914221072,31.81620064887634,12.85139874307314,37.92504303887863,1.5845853030221226,267.086340948469
304,hnef@hca.com,"3993 Luke Throughway Apt. 941
North Christopher, VT 71893",6011272567195598,34.91401511732236,13.266503838947584,37.57503097579012,3.5234744460455456,495.6871558102853
305,jxcy@vjy.com,"53052 Thomas Extension
South Jason, LA 26805",374602849747283,34.30267220801569,14.459222289832477,37.33952101023726,6.06638489205681,690.7876041747194
306,eoeq@fpu.com,"4285 Gregory Parkways Suite 939
Nobleside, NM 80334",3539202109856977,32.91207592920061,12.792971821961505,37.25781911850192,2.8951681299791368,388.5347163057077
307,zxkn@ydv.com,"772 Mark Orchard
Port Tammyland, MD 76085",4667982459511650,33.40855895733437,11.98574015235435,38.36839124072731,4.0048334855203,442.8966315178863
308,qedi@iov.com,"118 Garza Causeway
Wyatthaven, AR 69061",4556634361221,33.64461690576892,13.637557159364276,37.5170857636486,5.726687712532107,605.8413188212227
309,cahu@opb.com,"0669 Robertson Parks
New Cynthia, PA 68505",503801640718,35.10227850874102,9.508152176032603,36.46240008104617,2.338210702250114,303.189547809652
310,lupz@nib.com,"738 Rogers Harbor Suite 105
Traviston, AL 55294",6011460867026676,34.24850620315415,12.656592033851751,37.54860515461888,3.863411393785737,480.6148116731426
311,fzln@exd.com,"96926 Cathy Loaf
South Jacob, ID 12656",343560939413588,35.72908016563062,12.966898076780602,37.54759627699103,3.457448756503683,507.132342437705
312,jacs@gat.com,"658 Robinson Center Apt. 265
Loriberg, HI 33861",6011448766871151,31.3931845423455,12.80298577760313,37.315763151803424,2.5838141920346707,320.9288698031936
313,lduw@xtu.com,"96311 Cooper Gateway Apt. 714
Barbaraland, OR 62552",213124044475870,34.3841105711181,13.677401437121034,36.622530591605994,4.180847338174777,529.3092250312227
314,wwuq@ehe.com,"29192 Swanson Viaduct
Padillabury, NM 14083",213177721229259,33.878474365657695,14.032534975943191,38.87095205416159,5.193732057983859,611.1280331303979
315,mevu@psl.com,"694 Douglas Lane Apt. 874
Lake Katherineburgh, CO 45450",4703791672141112,35.501417852783966,13.44761745405695,38.53453024067718,4.508352234634593,585.1058850493533
316,gxvp@ety.com,"PSC 5378, Box 8349
APO AE 32422",4261772232330682195,34.56647438959015,13.235659245108506,38.27757337619507,3.032044061507893,467.4211988217437
317,lfsj@iax.com,"014 Jennifer Ferry
North Brittany, MN 05840",6011533203406826,33.8487928288471,11.973162084317348,37.60950715426321,3.3709869096996963,405.8245288726869
318,lvob@lpi.com,"715 Powers Fork Suite 333
Lake Ashleyview, OK 38623",3575488508756166,34.531860130613246,14.665769794267849,37.90022076162611,4.015688256202335,565.7909690079206
319,rcnp@tdg.com,"76326 Chloe Brooks Suite 681
North Jeff, WV 79685",36416236347452,34.41906734548329,14.391120179234008,38.19419104646396,4.56991661858986,597.516697973153
320,lkny@zoe.com,"761 Christine Plain
Johnsonburgh, UT 87959",676358413174,33.495418773654315,13.96832561098067,39.296110372778266,1.7004838567566694,369.65478494706446
321,ouby@hrh.com,"3034 Karen Tunnel Apt. 347
Bradleyhaven, IA 61433",4546506836728527668,34.67402747501462,13.968893130527093,38.33310741829708,3.72945090446699,543.4124767293989
322,dlkr@efq.com,"6922 Michelle Glen
Josephton, WY 62375",6555747078363704,34.26463207316392,11.732131340303663,37.14579171248221,4.586566338485993,479.26212639683575
323,lfsi@qdr.com,"598 Herbert Square Suite 776
Belindafort, ID 96430",180003767626001,33.76245596030955,11.952353380458652,38.64629178743077,4.519470351595002,474.360495571661
324,twln@wew.com,"USS Johnson
FPO AA 12823",348911587630624,34.47947160188164,13.60888879370027,38.22939451627662,4.705903889533483,560.1990479544186
325,ucpc@yap.com,"288 Stone Island Apt. 992
New Christinahaven, LA 44274",6573015485373429,34.785207205733194,14.039511025284968,37.31272657154038,2.5181946292873114,448.1876443054186
326,qxnq@squ.com,"097 Tran Viaduct
Luceroton, OK 97025",4010909631843,34.21718784289895,11.999683661085925,39.44276668680506,4.743812816726185,506.23006828207065
327,xhkp@ngs.com,"123 Manning Forks Apt. 122
East Stevenmouth, NH 80823",630452855855,32.12809004961663,14.278956228597716,38.38718052656558,5.126075291951958,558.2526867470547
328,jhtv@fyu.com,"411 Susan Crossroad Apt. 254
East Kathleenport, MA 63343",4854259208474560,34.36951735608769,11.62794922615627,39.04031366664072,3.50295702283384,423.3687366068266
329,bgld@mlq.com,"10913 Morton Estate
Charlestown, NJ 28312",2527886435074077,33.837893053239185,14.185181167368498,36.92159518889928,2.323595182991803,446.0621855089249
330,pkcp@xad.com,"870 Jones Crossing
Millerview, NC 45770",6011768926158342,31.574363684171367,12.351049011250833,38.08884657968332,4.578308001651641,443.0644137580656
331,otan@ije.com,"0713 Wilson Ways
Thompsonside, ME 41379",376420750298537,33.27459383033916,13.954811454937932,38.1088163801084,4.189916615447592,534.0400601788124
332,pvca@nqk.com,"8455 Crane Summit Apt. 818
Hopkinschester, TX 96453",4608399870939091,34.14423399987652,12.73704063527238,38.93518904595916,2.690132185380053,425.2028270990325
333,lbdt@fcs.com,"860 Jessica Green
Anthonyshire, OR 57545",343682569597389,34.4855197629536,12.887345302061831,36.86244707788159,3.7067566975868704,499.635598489176
334,dtsd@yea.com,"42389 Edward Knoll
Cynthiastad, DE 89034",4273920452728,32.97648006146129,11.757130926114415,37.59586794587455,2.477007127843059,331.5944460341002
335,vsqb@kih.com,"909 Jerry Run
West Kylefort, UT 09658",376446627136675,33.13386240984833,12.612650769570312,40.24880390433504,3.849245382527182,444.4418600624623
336,yjhh@odu.com,"0278 Rachel Falls Apt. 961
Tiffanyport, ND 93863",340966381709022,33.302553103111435,12.97906148391534,39.26906069147024,4.032861579556474,479.600915944333
337,mzem@oao.com,"62110 Logan Throughway
Owentown, WA 92955",3518807989664849,32.82797905546526,13.461147444665416,38.42899736939191,3.4747368150832405,441.0027475469415
338,pqif@rdq.com,"8726 Stacy Trafficway Suite 076
West Brianview, FL 27288",213187174908366,33.018074010632084,11.079463451952432,39.0706642585136,3.1181653103960847,358.7831107453153
339,pdav@dmf.com,"284 Michael Islands
Lake Elizabeth, TN 80669",4247226179602228,33.997459002491695,13.589240561061525,38.33224074655334,3.3040136926903942,477.139246872566
340,opuu@gcq.com,"41233 Soto View
Jeremymouth, UT 27112",30030676738694,32.81642833419931,15.2880145907663,37.77386136993079,3.4644978762354017,502.1224915036564
341,fawa@qgc.com,"99083 Christopher Lodge
West Laura, MS 04086",2320351640968323,35.46151473966461,12.917115695587762,38.76668677332467,4.8508878437244665,593.6884532021675
342,nshu@amh.com,"1974 Derek Branch Suite 041
Patrickton, UT 48639",4258529077233491,33.34279623166797,12.40964461636565,36.77778217066089,4.37243204186891,487.0834255029927
343,njvk@lkc.com,"Unit 2919 Box 6951
DPO AA 70661",3508903268973100,33.30274837339047,13.815392648610311,38.95780983454751,5.115426306527649,577.0252441251166
344,rvei@jgt.com,"4864 Howard Port Apt. 755
Ibarraton, NC 51841",501895546528,34.06644065628263,12.673229254101274,38.84065507750671,3.227209453758874,443.7228915742714
345,ahcq@fmd.com,"1641 Smith Pine
Darleneland, SC 40354",180027564372188,34.89464038846548,11.61053651970745,38.97738873797974,4.037123879902206,462.7909590614097
346,mthv@pxn.com,"081 Marco Ford Apt. 043
Ericville, KY 24896",3582861147523802,33.765664587506606,13.506548190327935,36.82346666642284,3.62650948966,489.387525780145
347,qebg@jgk.com,"219 Mcintosh Plain
North Veronicafurt, MI 33176",3505164483053771,34.76981237165136,12.304462307422884,38.83397172859896,5.637816745950984,594.1564014822196
348,wzar@hmv.com,"1795 Julian Parkways
Gonzalezbury, IL 71771",213151431361777,32.81248255972426,11.886921180951674,35.897827688311345,3.6286388557446334,393.8103449837973
349,vbif@wax.com,"2644 Gonzalez Track
North Jessicafort, SC 75010",4464545665528886,33.00850451785513,13.095889485093478,37.37750903434099,3.6789524050534483,444.19722102875545
350,bnds@vov.com,"84059 Kramer Park
Port Kenneth, TN 70268",4744915533292,34.30433661798984,13.692661429739388,38.33359061333867,4.327375915107567,536.4807751896418
351,glay@bfd.com,"8160 Moore Field Apt. 219
West Emilybury, CT 34443",4373391423669,33.189844729273545,12.386775551280651,39.19748324839899,5.308320372869162,534.3965537868428
352,siej@mls.com,"0572 Hannah Gardens Suite 674
South Jessicaport, DE 91953",3573526844516828,35.935605105644306,11.728418539377822,37.88119240747175,4.548510087289211,533.1274491097012
353,fzdx@brt.com,"PSC 0156, Box 1374
APO AA 00842",4125695616611139787,34.55165060797954,12.936895159842097,36.90025278215821,5.0433324132930855,559.9481123879059
354,ejxq@zny.com,"031 James Cape
Whiteburgh, HI 50607",5274852759132436,33.38696867463189,13.717995102314037,36.12882235312117,3.9810621331251683,509.771906741518
355,faxe@hdm.com,"813 Mcclain Branch
Lisastad, LA 29029",213185431585191,34.34450868519732,11.969802874106238,36.9745781075859,3.127624971434411,404.7669020956173
356,gjzr@zhd.com,"92806 Riddle Estate
Johnfurt, DE 36097",36842108734966,34.6727578867203,14.420545742201174,38.76369040280343,5.294312263402832,641.5840618984408
357,tgaz@cnm.com,"Unit 1515 Box 6399
DPO AA 25047",349820410840897,35.00207092262163,12.85468192110211,38.49189221040693,3.261861926301417,462.62827839108616
358,ttyr@egw.com,"3100 Elizabeth Radial Apt. 360
Johnathanbury, NC 12276",4065573301305,33.65539704223188,12.91885970932454,36.71626915951701,2.6596760229888288,383.4161078654751
359,tasd@stp.com,"2677 Johnson Oval Suite 451
North James, ME 45891",2687618001919278,33.054261851184755,14.149669557991398,38.65040020345744,4.6956144126751305,562.874657668983
360,ilcd@qcd.com,"19426 Isaac Squares
Jefferyburgh, NE 10624",4891264050251855,34.22877226969563,13.685393899848076,37.04898625036686,2.639403004485981,445.57614413373005
361,otiy@ibl.com,"919 Bautista Rest
Lake Robertburgh, ME 07593",639028842651,33.077590044329135,11.347876945661575,40.04515569638811,3.93455972254092,402.0331352191061
362,ljsd@jfc.com,"33680 Santiago Spring Suite 378
New Michaelview, AL 15905",30155861259147,34.981005579787784,10.316289204373824,37.91495154541398,3.3684281816397523,385.3260571375157
363,qvxn@gfw.com,"985 Lutz River
Martinezland, MO 36975",4642342905452635545,35.17951756796679,13.581547729914536,36.444264696393994,3.637068975480682,528.7829957560522
364,kjzn@bag.com,"USNS Washington
FPO AA 53678",30491952009186,33.60273898042012,12.764447589452988,38.922703809566,4.025806412195225,483.144996875768
365,zlrw@ayr.com,"214 Brianna Manors
Juarezport, CT 34110",5563128982128545,33.03054971621298,13.644202118863696,39.00182746752369,5.538107493844868,595.2744834186117
366,xqnf@hcj.com,"00652 Nancy Square
New William, IL 41466",377207382745749,34.100357750772915,12.832112231483734,37.841491638054855,4.1122391519937,503.0925279023197
367,wdxz@qjz.com,"016 Bates Station
South Brandy, OR 79609",676225639407,33.99059904291544,11.441235061603203,36.93896250240334,3.395075162804356,408.657178759326
368,uvlm@zyl.com,"009 Kelly Burg Suite 553
Port Gabrielmouth, ID 22215",2666171613683929,35.385820292995376,13.729719510423308,37.232109802584205,6.205940716620838,709.9351848669819
369,egfa@wrz.com,"68300 Taylor Circles Suite 437
Christinetown, AK 52729",6011336334925916,35.357196268204405,10.477777607959723,38.90601452014432,5.5470225513951,532.9615505451646
370,fgvd@aie.com,"USNS Lutz
FPO AA 66767",343012047847216,34.70511279750195,11.163179060052556,38.76304108154524,5.278973636034998,522.2407802357948
371,vokq@goz.com,"9068 Jimenez Summit
Charlotteton, IA 88374",4566780962786567,33.40429504598358,12.608997936221536,39.11045690682496,3.46655888465992,448.3690271993314
372,czal@sxd.com,"USCGC Watson
FPO AE 79043",30065624036536,32.82934645592113,12.268259230574026,37.9569654250941,3.1689197733345025,386.152337987975
373,nvxc@iav.com,"6092 Johnson Falls Suite 572
South Carlos, DC 51044",4585798681159194,32.36621216718768,12.163159542913276,38.088319364334765,4.120354588804087,431.58888255648486
374,qcce@mtr.com,"184 Ramirez Village Suite 308
Anthonyberg, CO 28490",4732970884268989,32.44744649412782,11.101632204781014,39.04345265084127,4.738296188412728,419.602742095224
375,wdzt@jgb.com,"7116 Ronald Lakes Apt. 802
East Russellland, AK 49899",3531498057218966,34.58294683702328,13.76153127820102,37.90818962373682,2.9793398232086954,479.9514047578855
376,ylfy@mpl.com,"1246 John Meadow
Pamelaborough, MS 10550",6011151410326073,33.39742194430904,13.055340161330117,38.68546548721554,4.006967573635258,484.7965220614929
377,vrxa@rgz.com,"4110 Patrick Dam Suite 043
Kimberlymouth, IL 51809",2707479506864444,36.03744996157605,12.935934966559184,36.78392374450292,3.810150346576856,539.941974531203
378,tgsk@lor.com,"795 Sandy Junctions Suite 378
Lisahaven, SC 22665",30006665282456,33.78494023263413,13.451200012438312,37.66579136924871,4.035802467873828,487.1637990666317
379,qcds@nbk.com,"81782 Lozano Causeway
Lake Amandatown, NJ 75113",6588044123200102,34.9717220376126,13.284467067067208,39.29572526401705,1.6304769604319769,386.0950070687634
380,ylhb@mmx.com,"PSC 8565, Box 3585
APO AP 32892",4837992617630,34.38599019075222,13.782171794760185,36.55077226680613,3.7287176862706497,528.7837897574573
381,pefc@quu.com,"66374 Selena Crest
New Valerie, CA 61567",379976727696274,34.556555671402755,13.960307128914414,38.951946317735135,3.8459223210048927,548.1907493518986
382,daee@rnu.com,"87701 Mcmahon Brooks
South Michellemouth, OH 35215",180033676342051,34.58737339024554,10.95399500605983,38.34573893439929,3.7156668270219866,411.6029439492151
383,qbhh@los.com,"0508 Walker Roads Apt. 752
South Lauriefurt, KS 64496",30446216089432,35.18818406101828,14.130021664776669,36.42933438847124,4.290552136880443,584.9778019715428
384,xcth@fvs.com,"936 David Parks
Robinberg, SC 08835",6011525761968700,34.59396354804201,12.520566788562215,37.18913179541947,4.061215271431083,475.5323294398898
385,yifx@rvv.com,"PSC 5372, Box 6962
APO AA 68009",4322195632559924682,34.236265721508744,11.972554314292411,35.57402758718963,3.431619534651152,415.9350606518193
386,wyeu@hob.com,"0988 Dixon Gateway
Helenton, TN 43601",4094418625827202,34.20891970058922,14.53191346185937,39.95246252162795,3.5465406206892376,551.8133677324173
387,wzgh@zdc.com,"PSC 4304, Box 1295
APO AP 29068",582632993959,34.63781167586591,13.039502370469922,35.48718474774243,3.239200466766662,459.78113168424994
388,kkkw@ywz.com,"5381 Duncan Knoll Apt. 967
East Kaylahaven, TN 19821",6011368386231950,34.59048580327403,11.942069621017652,37.17049420248099,3.283963128204522,408.5421680134348
389,qiuv@sjw.com,"038 Bell Neck Suite 482
Port Nicholas, MO 69948",6585673055248201,35.195508030962635,13.664192622515646,38.02715036476952,4.830407444211276,582.3089328795
390,ycvy@zae.com,"241 Jeremy Squares Apt. 065
East Jade, SC 55254",180071001863532,36.86023651335309,12.730661394277831,37.8821490815068,3.91620997759013,547.5566668627299
391,kprm@lff.com,"049 Kevin Vista
North Maurice, IL 98376",3502061430304484,34.48193057257537,12.918670307379347,38.31770494919684,3.8363393820041853,504.1750851912004
392,ybvt@ets.com,"58057 James Ports Suite 935
Brittneymouth, TX 26089",4842321237739218,34.25823783380398,12.514949066574868,38.128039498322295,5.162845304002564,550.131573287217
393,siyn@zsr.com,"83769 Kathy Islands Apt. 391
North Anna, GA 04632",6562878920581168,33.319857972167306,13.418113202231622,37.155336204959546,3.722080766760957,483.8309858617018
394,jjvn@jek.com,"465 Morris Well Suite 947
New Jodi, MA 48616",4254625073322827,33.43083857908201,14.887275413385504,39.38195597213616,4.272969024644707,558.6082620533542
395,qgnk@rqr.com,"7386 Patterson Prairie
Nixonberg, AL 42835",3531398451590210,32.44597248275779,13.846499067474369,38.86921693600857,3.920149530164856,485.87696493512857
396,lsks@bll.com,"62772 Nelson Island Apt. 386
Craigfurt, FL 49187",30459130317607,36.74266980593494,11.889828283005029,36.565436237139735,6.615198945760052,670.9871405017029
397,jwqz@jfc.com,"9882 Johnson Valleys Apt. 445
Garytown, IA 33896",180048504360109,35.012619460656374,13.914570094327916,37.04620351842453,3.988029991222591,548.7099885778625
398,cqjg@wnu.com,"USNV Williams
FPO AP 41475",4018091214591,35.14039342796294,12.568526641744768,39.918748541019504,4.582855278762214,538.8252822957112
399,osfd@zku.com,"018 Nathaniel Extensions
Jonesberg, IL 84319",6011444689730566,33.37798965892753,12.971750786570595,38.19936752783635,3.3296995751470893,409.2169017707518
400,zurq@qdl.com,"525 Garcia Extensions
West Andrew, MN 84571",3551243920053504,34.17233109074306,14.07869243953642,38.329818625212354,5.905406467229508,664.0748176067602
401,vqtm@lqk.com,"5710 Graham Drives Suite 686
South Rebecca, NC 31492",4147039840378651,34.24732220295966,12.956426484854196,37.5173461200418,3.951750709833103,507.37586675019753
402,dbki@bnx.com,"267 Miller Trail Apt. 006
Burgessmouth, NY 24884",6560462709934351,34.59891333929404,14.252737094184228,38.30596141998359,3.435577273740486,529.4193296952955
403,ncav@sip.com,"98967 Morgan Expressway Apt. 545
South Amyberg, CO 62679",30133237945582,34.08529799058909,14.093537281195058,39.31564796064117,5.25036007144446,633.1235881419656
404,pgea@izk.com,"2156 Williams Trace
Martinshire, NV 10729",6011161334478736,33.278443347919655,13.527471744522868,37.688366542504845,4.031402303058899,489.2702979651482
405,cqkb@yeb.com,"28234 Alicia Stream
Smithbury, NV 54310",3570631270233469,34.441553044751224,12.235968954252517,38.05261630809583,4.404479379627935,509.7357409506604
406,jtgn@fzn.com,"USCGC Long
FPO AP 07783",4080745040376,33.86530120924307,13.074830167957376,36.56917031744619,2.8990797897904117,412.1869635742789
407,hirv@tul.com,"815 Erica Pass Apt. 893
New Eugeneville, DC 90915",377206673848626,32.526197898239815,13.045331979699332,39.50588332918249,3.347709026474498,410.09452619233787
408,dclb@bll.com,"97615 Evans Cliffs Apt. 289
Cynthiaport, ND 00556",3543504214690546,34.000849640152055,12.230743306761044,37.99529016635977,4.28170356510484,468.8009243667916
409,jxef@ovb.com,"052 Lisa Mountain
West Ann, RI 06824",370321862566983,33.088380630448206,12.90784409977911,36.18912244437772,4.84977841863416,513.165866388158
410,mzkt@zcc.com,"86202 Hernandez Squares Suite 427
Lake Vanessaside, SD 03367",4014773043673282,34.26544447284578,14.05221038516131,39.77566529611688,5.074287716419565,609.2718166151668
411,wnzd@ynp.com,"68837 Bailey Cape
New Gregorystad, ID 25160",3508134327331540,33.992573196692234,14.004362005673078,37.98504141740091,5.120416384895069,590.0264897562791
412,fbwa@hac.com,"55187 Christine Unions
Toddberg, AZ 26775",4675521024503626,34.86318870719846,12.52352268106905,36.9380452301724,3.5130325004194374,445.0538265727727
413,pjtk@fzu.com,"564 Stephanie Place Apt. 952
Watsonborough, NE 14010",6011723549922061,33.59209322575472,11.314717921893896,37.72902940108787,5.291108744558267,494.18126139071865
414,uude@fsh.com,"PSC 7795, Box 4541
APO AE 28148",4170564078282,33.381034590963445,13.433128529733452,38.62690680204789,4.834001444341368,533.724805462904
415,sild@yhs.com,"657 Gregory Estates
West Elizabeth, AR 77194",639028565468,32.517121802506225,11.745188554182882,39.79123468689964,1.9288238768282668,276.9184206503857
416,ekee@yff.com,"6498 Louis Village
Timside, VA 50458",213108407250293,34.45430192604019,12.016755636715027,38.6373109611636,4.637000388171067,512.0387860511611
417,qdok@uvv.com,"011 Murray Harbor
Johnsonview, AL 17651",4587325325128785426,33.21552741998912,13.216854693359824,37.95395970110429,3.410530822492482,439.4177420114685
418,gjfn@ibg.com,"51276 William Forges Suite 249
New Jennifer, RI 61877",375248395754619,32.673915503274955,13.329147021418828,38.07437106706513,4.482462318955639,476.7250679098812
419,xixy@nqj.com,"2984 Jose Road
North Lisamouth, PA 43413",4620094016923034,34.717554613005134,11.8069660677747,37.01231723045213,4.201229217020273,484.54319386538816
420,ttdq@bna.com,"58164 Mark Manors
East Maryshire, AR 87787",371848857255643,34.21547157476038,13.135101396955722,38.14209368933963,6.3405058759314255,664.8036932755082
421,urel@cfk.com,"78983 Jennifer Brook Apt. 084
Deniseton, WI 10569",6011458044555351,32.574138022873235,13.94155572990243,37.72527682557127,5.060396067343641,545.4092721605869
422,kdzg@dco.com,"101 Sanchez Mountain
Michaelville, NC 42926",3543342419505379,34.89457038870139,14.300299363336556,37.393683855020775,4.9900020655598345,631.1567281670505
423,dtnd@acb.com,"PSC 9084, Box 1292
APO AE 80818",180091436017546,34.12869268643142,11.39845771308564,37.68339299807869,4.359817998874009,462.11224843060927
424,jgze@dis.com,"7758 Ashley Track Apt. 783
Simmonston, NC 43886",30022795919669,35.3703270461643,12.887800415781037,38.86144725932397,3.5466201888222324,492.9115050963458
425,bcrf@prl.com,"184 Cannon Locks
Whitebury, NM 50158",2250979685929414,35.08026009173408,12.591439703136588,37.456898410524325,5.152854446136777,575.4156896079882
426,wblu@bsh.com,"7853 Morris Tunnel Suite 225
Peterton, PA 14021",6508657892530073,32.42522688085481,14.27147504252467,38.23984661097634,4.522102909528949,531.766718654762
427,hjwf@qvh.com,"11544 Hicks Circle Apt. 087
Holmesmouth, NY 06361",180039595262007,34.62530726457669,13.988220598633102,40.67259095594186,4.469417759107739,582.7987976770314
428,mbpq@lfj.com,"4508 Wilson Valleys
East Bryanshire, FL 90739",4677157234510,32.8627411090001,15.039867262521906,38.02226898591233,4.2382251733253336,557.2981411740467
429,yvaz@szu.com,"3745 Melanie Mission
West Kari, IA 42308",36036042531162,34.29258730730077,12.906507762219915,39.42286529341121,3.87668749953603,503.132789227254
430,tvfi@uat.com,"091 Richardson Lodge
Spearsshire, OR 04092",3566939035098184,34.74922777081331,12.13714030231066,39.40137368953426,5.095522708601322,557.1863688687886
431,obea@icp.com,"PSC 4106, Box 2986
APO AP 96967",349893140086610,35.14496898723948,13.902664889103926,37.61119877576035,2.7239934582520533,476.0716298996618
432,emuc@ocn.com,"07824 Rodney Avenue
Aaronhaven, NY 75351",630413815618,32.12397434991195,13.386516256494852,36.63211221551042,4.788486770885737,487.9470538397658
433,ebmm@top.com,"08437 Samantha Skyway Apt. 760
South Cody, UT 15223",6544883918466250,35.27824787999725,12.822721745594304,37.30854529439036,2.61738254152726,435.1442020262987
434,gnev@xws.com,"38162 Kimberly Island
East Sharon, ID 68938",501860783767,34.66661568345138,11.9857637851215,37.35250276938114,1.4364975973183265,305.1355915788555
435,xrtt@ijp.com,"1143 Chandler Village Suite 726
Meganfurt, MT 06261",370153954086137,33.25997326555701,15.132893457553363,38.023479236405706,4.262070442711566,572.2160048349454
436,apeo@cqw.com,"42099 Moreno Turnpike Apt. 733
North Crystal, ID 83617",213187419625304,36.43316530057876,12.912210479900578,37.08964365766702,4.50096358646012,584.0796356620574
437,gwpy@eti.com,"73120 Jennifer Fork
Graybury, CT 76666",374515862112252,32.9673209478824,12.481587147836263,40.24096484164356,4.032517164539353,446.74984123965226
438,eqif@bxv.com,"94323 Charles Gardens
Port Joshuaburgh, IL 58534",213182896476990,33.149060522105984,11.04731473507118,38.18144731064989,4.035088427618945,393.9922559140308
439,zyra@biv.com,"20587 Montgomery Skyway Suite 171
Josephshire, NE 47693",3574920228768130,34.918844177834046,13.428736927868275,38.30536187928602,4.658214652664192,566.9943634015268
440,rars@wwt.com,"7447 Peter Parks Apt. 087
South Geraldton, GA 70595",375573700739793,34.20061634140451,12.965980266792482,37.831535850846905,4.049036057426973,500.1401524490539
441,agdn@vbj.com,"4689 Danny Drives Suite 906
Rodriguezbury, MD 61138",379451657655229,33.53677489754807,12.121366060509414,37.97937237345656,4.629254688094536,511.5394216996283
442,wytk@lee.com,"442 Williams Burgs
Port Melanieburgh, AL 43157",30280188415667,35.08366330162949,9.668349517101323,36.906756365793065,2.7524459633808416,309.52774655803336
443,pean@hep.com,"2742 Burke Avenue Suite 732
Port Evan, KS 07525",5235006351536449,34.02502013857587,13.504219807675254,38.64583878801402,4.551382465375181,562.5165319790891
444,edlx@gti.com,"5993 French Mall
Melissafurt, SC 23136",4273208676766,32.26810421075072,13.132509111641538,36.4567981489283,3.5720761414868827,424.4705331738239
445,gepm@xrj.com,"31505 Ross Curve Suite 908
Leeside, AK 98924",2703304206624555,33.21292383005795,12.732991461588078,36.633953947400784,4.831863026751083,514.1531118530668
446,cgao@mvr.com,"543 Todd Land
South Sheila, ID 64721",2708467074332653,34.499506100675546,12.946590884981754,37.486325072393406,4.437862643180167,530.1945188649573
447,eobw@twy.com,"158 Myers Creek Apt. 412
Davidberg, AL 99733",3528189013761869,33.90485366735398,13.556107616938167,38.80550943244919,0.7699010899842742,315.4385182951061
448,tkrz@xkx.com,"1172 Daniel Glen
Flemingchester, NH 10751",6532824048298696,33.204654645678524,13.480701517118195,38.680287608367976,3.7794662600656097,479.5842860083426
449,zzyn@wgm.com,"90602 Evans Port
South Stevenville, CT 19525",6504224558524280,33.67515450844823,13.594194066191111,38.68387537364701,3.0717778354776577,445.5821649786528
450,ktiw@wqj.com,"80046 Kelly Via
Woodardberg, MD 24714",4043151977516048,33.99838766242905,11.946841939586896,38.64780805527063,4.326030617537514,476.0154070877503
451,vkkf@gbp.com,"45678 Taylor Locks Apt. 729
New Marcside, VT 34183",4479970646272433,34.9431185791017,12.48419869378604,37.83936583281821,2.902453833414224,437.7205558562188
452,wlvh@gfy.com,"06147 Deleon Port Apt. 486
Francobury, AK 62755",30391570260213,34.55210836340867,12.120870867123784,37.80837605948795,4.52781384191709,522.1953105318003
453,kjyg@iib.com,"334 Schultz Vista
Seanfurt, SD 72114",501843888147,34.67683086814267,11.971392430875488,38.72236711094261,4.129339915268192,479.1830597118797
454,syta@yev.com,"PSC 5898, Box 3028
APO AE 54727",3512938605900204,33.64194636558817,12.588948579712495,37.32214091690131,3.689609941879746,433.48116855701767
455,tsmx@hrv.com,"07740 Morales Manor
New Jacobfort, MI 59942",6011747483106407,34.42121218172261,11.706641521307748,36.76615350038372,3.893975043434297,439.30370784642975
456,drsl@lfl.com,"93983 Kelly Extension Suite 891
Careybury, PA 04254",4755172617741869,33.76707608122926,12.07625934092972,35.77975050203264,3.074948470025072,389.9405487921943
457,oonx@rsn.com,"14749 Green Flat
Jaredton, MD 27244",3528377471899780,34.11995442833815,13.953262542191796,38.03427958207978,3.9720213800343784,535.7714849461672
458,ajzx@euk.com,"43996 Williams Heights
Lake Loriburgh, WV 61985",4216308564460186853,36.37187609232446,11.572466600106116,37.86218334634355,4.698349060814376,538.9157529213054
459,zxgk@haf.com,"77097 Wall Parkways
New Ericshire, DC 98933",343965204862809,34.9760825800378,12.658036814224134,38.42527868006791,2.586348146609663,408.8763782204976
460,fhxb@hdu.com,"3455 Debbie Lock Apt. 944
North Arthurbury, ND 64244",4411058114932737,35.03416353106073,14.592512657946294,37.83865678634849,4.105933917733071,619.8459704239658
461,kblc@ean.com,"6881 Vargas Plaza
East Christian, SC 79777",30232810911605,33.77049215854934,12.371767361249,36.26149811626243,4.534386130357466,503.77107456549606
462,uxmq@yyd.com,"217 Smith Overpass
Sarahburgh, NJ 27223",180067730872034,34.50381038174352,12.233414953540922,38.21115258135112,2.820550249888456,398.420584096457
463,ykpg@bvv.com,"USS Barrett
FPO AP 12743",4800609514710760921,32.874551694585364,11.290350765056484,37.929761561703394,3.991093337009152,393.2852442462675
464,aszn@obf.com,"77571 Randy Creek Suite 605
Aprilside, MO 49408",6011216988074304,33.53323998265473,15.121783839255324,39.40632901011416,5.820093863780987,690.2356997616951
465,igxm@nha.com,"2195 Jody Square Suite 942
Moraleshaven, IA 67576",4273466967790,35.85131416586477,13.41554196333362,38.67232248424959,3.630538462464844,544.1326262891694
466,kzrb@uxr.com,"80904 Ronald Manor
Kimberlymouth, WV 13810",213125171335936,35.21146128149797,11.770248917443364,35.649800047407126,5.485204970864011,578.7360248512277
467,cras@vgu.com,"166 Williams Vista
Halemouth, ME 94373",4971518703524056,34.45961931752967,13.664390524735165,37.36684324701071,2.226962043188511,437.5807403475482
468,flrr@quc.com,"2954 Conrad Club Apt. 147
Reyesberg, KS 35649",30213421442859,35.200539409318985,13.667808875387266,38.48704924855169,4.201622286914233,554.9946735912697
469,trgk@zbm.com,"652 Stephen Corner Apt. 908
East Paigechester, RI 83722",4442888084877386,32.16950679871159,14.970181074130446,37.67395273856423,2.2851739448879638,428.3565308022928
470,vyvh@nxm.com,"28719 Sanchez Springs
Cannonhaven, TX 77435",4015284230664570,33.518196813999246,12.509253453525044,37.59928908739349,3.5226757598626595,425.7287739291025
471,wnmd@tjn.com,"Unit 7903 Box 9924
DPO AP 44671",3541204219912860,35.523019620716326,12.405770450141056,37.378271013194265,4.541244969129275,542.0498309594356
472,yglg@jkj.com,"619 Robinson Summit
New Anthony, MA 41200",2272991953717920,34.66599032199544,13.263717676034362,39.86023443032663,3.63952693504287,470.38314617236114
473,ngmf@gat.com,"1742 Collin Throughway Apt. 038
South Amber, IL 77990",376895401009138,32.609839573389635,13.71070130045925,37.16646339192148,3.062818810803233,445.5455496511082
474,lnva@hgy.com,"434 Gonzales Groves
South Jacquelinefurt, TN 03112",4512070233901806,34.70088553901973,14.471577671948916,38.0716431982524,2.8790764968915394,493.55683370047706
475,kxgk@cfm.com,"796 Joseph Skyway Suite 350
South Marcusview, HI 94230",676367081749,34.81173340621725,12.186808718643787,37.29889307823573,4.801996499354755,536.3216100850124
476,nbqw@pul.com,"USNV Shannon
FPO AP 56764",5435717883824545,35.33667722314705,12.246812606011584,39.68258378408295,2.5947616690074846,409.9583359406166
477,pxsu@fqf.com,"355 Long Loaf
Hernandezburgh, AK 40497",3561796053743249,32.06132515671613,13.357638107209011,37.16604163340145,4.589330841235956,488.5554580579016
478,lcmv@lmb.com,"5308 Green Spring
Estradaburgh, KY 44455",2668704053986671,34.06976829928679,12.764325958658198,37.87502580891776,4.01605101747183,488.64623174384167
479,dqjp@nhr.com,"230 Louis Stream
Mariaville, NC 03334",3574057850995341,35.60624245261783,12.761883803681748,39.12651979793058,2.3208106181524437,403.1671222237256
480,nhbr@zrn.com,"9606 Woods Freeway Apt. 661
South Nancy, ND 53407",4906341452788776,35.23824191192028,12.550300110865926,36.769329630500295,4.683143661726128,552.0230017027826
481,jrtj@mvq.com,"9257 Gerald Mountains Suite 765
South Thomas, OR 47412",2293248818070168,33.04781463313985,13.482669924970503,36.536024530304154,3.893902788069372,498.38955775884335
482,ajmx@lrc.com,"146 Payne Loaf Suite 737
Downschester, AK 15783",502060900482,31.97167564388777,12.731364294077403,37.074551140168914,4.9263640805293125,495.6386097568927
483,llvk@ijc.com,"Unit 4870 Box 5945
DPO AA 33755",344411252817691,34.60685082311888,13.21407374586628,38.198427822725975,3.405238361446573,480.2474167840931
484,rhhf@elq.com,"86214 Erica Burgs Apt. 337
Laurieberg, VA 46189",676262293381,34.44812500934655,12.903756682535942,37.87454360467994,3.282757828499416,463.65651893471335
485,rqmk@xhn.com,"Unit 6741 Box 1581
DPO AE 29494",4147306217189163,34.36938093820547,13.222483941893726,37.35523488364423,3.9470177927906893,516.5024796636585
486,asek@hwx.com,"15602 Mendez Dam
West Destinystad, AR 63787",502029046211,34.452295280190306,13.005916370756166,37.53409567089256,5.212233578509766,577.4776071703129
487,nwji@inz.com,"67166 Christopher Ridges
Robertbury, KY 37839",4563847952511462,33.90469244491627,12.91374515283876,37.058647603220486,1.7281124234144234,358.85798360521926
488,pnpx@kny.com,"0696 John Camp
Lake Brandonfurt, SC 15376",2230130847530063,36.63085386109822,13.125401967944384,39.18776368086846,4.519051426800219,598.7398788791847
489,waer@jls.com,"35387 Chaney Plaza
New Stevenview, MD 27133",4954028130353,33.2463499961189,12.30555143041474,38.13312675937632,2.2073897286757314,328.37795258965207
490,vgkl@xmz.com,"519 Melissa Vista
West Colton, KY 39945",4800164425999351653,35.69559119111866,12.608997070875462,38.68487727530606,3.6630919310737573,511.4013884525048
491,akic@wbq.com,"85057 Michelle Lakes Apt. 740
Amymouth, DC 04412",180060230348357,35.34392190842758,12.693058197072652,37.81293412550146,3.9470928961368963,511.50147847479735
492,wipx@dim.com,"89336 Catherine Estate Suite 253
Clarkland, KS 24656",4769750912209015,34.68093694960616,12.201569884684467,38.83544772741218,2.708813678005546,404.8195198321978
493,veoj@itz.com,"27417 Lynch River
New Andreberg, WV 23709",3586878130222420,33.06091439841006,13.625432642053951,36.539142427505084,5.912357839551379,628.603318713015
494,dsgt@fzw.com,"11952 Gillespie Drive Apt. 199
East Ronnieshire, MO 14531",376296027803535,34.431097102487136,14.35063168445937,38.96597162275134,3.268851943263104,511.661792219672
495,xskz@gwj.com,"7083 Wallace Rest
New Trevor, NM 70240",30206742023085,34.23765998436727,14.566159613087605,37.4179847963968,4.246572973103466,574.8474377162277
496,awrc@iok.com,"663 Christopher Garden
Lake Carrieberg, PA 70796",6011536844623717,35.70252897286158,12.695736293481328,38.1902677104526,4.076525915259465,530.0490041294304
497,pndt@jyr.com,"1555 Chen Road
Bergerchester, NH 46418",4086276267550896697,33.64677668060689,12.499409061002083,39.33257633196044,5.458264472618698,552.6201454762476
498,zvtz@onj.com,"5568 Robert Station Apt. 030
Turnerstad, GA 98571",36218092488069,34.322501051305466,13.391422991118318,37.84008572976701,2.836484668112853,457.469510066298
499,phqb@nlg.com,"424 Mark Junctions
Darrellchester, TX 09088",5427200269739116,34.71598091844986,13.418808324753911,36.771016191612965,3.235159567082275,498.7786422156802
